Post Link,Post Title,Post Views,Answer Score,Subcategory,comments
7446187,No module named pkg_resources,234674,489,environment,setuptools package below 0.6 then you will have to uninstall it first
20306981,How do I integrate Ajax with Django applications?,50744,438,,
1118183,"How to debug in Django, the good way?",142279,377,,
3644902,How to check if a user is logged in (how to properly use user.is_authenticated)?,104301,314,,
19875789,Django gives Bad Request (400) when DEBUG = False,56553,310,missing file,not debug => not empty (ALLOWED_HOST)
20239232,Error: That port is already in use.,54579,189,environment,
15556499,Django DB Settings 'Improperly Configured' Error,93838,180,,
5201346,"How do I go straight to template, in Django's urls.py?",18281,174,,
4840102,Why don't my south migrations work?,46130,173,,
19962736,Django import error - no module named django.conf.urls.defaults,61184,173,dependencies versioning,
23708898,'pip' is not recognized as an internal or external command,174632,172,,
14186055,django test app error - Got an error creating the test database: permission denied to create database,21990,170,,
25459386,Mac OS X - EnvironmentError: mysql_config not found,49461,170,,
19189813,Setting Django up to use MySQL,135000,167,,
3287038,Cron and virtualenv,35320,139,,
3038459,Django template Path,80761,138,,
9856683,"Using Python's os.path, how do I go up one directory?",66051,138,,
3718077,Django. You don't have permission to edit anything,16268,133,,
5394331,How to setup PostgreSQL Database in Django?,115478,131,,
6726953,Open the file in universal-newline mode using the CSV Django module,58949,130,,
21408344,TemplateDoesNotExist - Django Error,10869,126,,
6590688,Is it bad to have my virtualenv directory inside my git repository?,25468,120,,
8408046,How to change the name of a Django app?,35352,119,,
10344197,How does Django's Meta class work?,37076,118,,
31237042,What's the difference between select_related and prefetch_related in Django ORM?,19307,118,,
8018973,how to iterate through dictionary in a dictionary in django template?,46657,118,,
14962289,Bad Django / uwsgi performance,21022,117,not,
25575073,AttributeError: 'module' object has no attribute 'tests',44575,115,,
5438642,Django Setup Default Logging,30524,114,,
13866926,Python - Pytz - List of Timezones?,98450,111,,
806835,Django: Redirect to previous page after login,72913,109,,
2979369,"DatabaseError: current transaction is aborted, commands ignored until end of transaction block",103322,108,,
14959217,Django URL Redirect,41591,107,,
1990502,Django: signal when user logs in?,16930,107,,
4938491,Django Admin - change header 'Django administration' text,53169,107,,
2412770,Good ways to sort a queryset? - Django,37148,106,,
12773763,gunicorn autoreload on source change,15918,105,,
11814059,Site matching query does not exist,33197,105,,
5508888,matching query does not exist Error in Django,47891,105,,
7037468,"Dude, where is my Django installation?",37832,103,,
6285327,How to do math in a Django template?,46699,103,,
21458387,"TransactionManagementError ""You can't execute queries until the end of the 'atomic' block"" while using signals, but only during Unit Testing",19810,101,,
8780756,Django - Difference between import django.conf.settings and import settings,31123,101,,
4176613,Django Admin: Using a custom widget for only one model field,27746,100,,
4308527,"Django: Model Form ""object has no attribute 'cleaned_data'""",43046,99,,
1605662,django syncdb and an updated model,46655,99,,
849142,How to limit the maximum value of a numeric field in a Django model?,62765,99,,
22938679,Error trying to install Postgres for python (psycopg2),21617,99,,
612372,Can you give a Django app a verbose name for use throughout the admin?,45418,98,,
3220280,How do I install an old version of Django on virtualenv?,34098,97,,
1626326,How to manage local vs production settings in Django?,60658,97,,
622982,Django Passing Custom Form Parameters to Formset,29896,96,,
6862250,Change a django form field to a hidden field,78465,96,,
4909958,Django Local Settings,34472,96,,
9262278,Django view returning json without using template,63977,96,,
2673647,Enforce unique upload file names using django?,16077,95,,
15312732,django.core.exceptions.ImproperlyConfigured: Error loading MySQLdb module: No module named MySQLdb,68957,95,,
10406135,UnicodeDecodeError: 'ascii' codec can't decode byte 0xd1 in position 2: ordinal not in range(128),118158,95,,
8920643,Cancel an already executing task with Celery?,30818,95,,
20321673,Debugging Apache/Django/WSGI Bad Request (400) Error,28113,95,,
618557,Django: using <select multiple> and POST,20619,94,,
275174,How do I perform HTML decoding/encoding using Python/Django?,125987,94,,
913589,"Django forms, inheritance and order of form fields",20555,94,,
18156452,Django csrf token + Angularjs,23594,94,,
4778685,How do I use Django groups and permissions?,28172,94,,
21069880,Running django tutorial tests fail - No module named polls.tests,12316,93,,
110378,Change the width of form elements created with ModelForm in Django,30189,93,,
962619,How to pull a random record using Django's ORM?,41998,93,,
25244631,"""Models aren't loaded yet"" error while populating in Django 1.8 and Python 2.7.8",23368,92,,
1622038,Find Monday's date with Python,16084,92,,
1553165,multiple django sites with apache & mod_wsgi,43413,92,,
16232572,Distributed task queues (Ex. Celery) vs crontab scripts,7711,92,,
1303654,Threaded Django task doesn't automatically handle transactions or db connections?,7034,91,,
1095725,where does django install in ubuntu,17940,90,,
1136106,What is an efficent way of inserting thousands of records into an SQLite table using Django?,34969,90,,
34198538,Cannot import name _uuid_generate_random in heroku django,15084,90,,
4651172,Reference list item by index within Django template?,31920,90,,
1395807,Proper way to handle multiple forms on one page in Django,71386,89,,
23639113,"Disable a method in a ViewSet, django-rest-framework",8814,89,,
2029295,Django DateField default options,58182,89,,
223990,How do I perform query filtering in django templates,51211,89,,
323763,Foreign key from one app into another in Django,17595,89,,
636905,Django form - set label,30891,88,,
24377506,HTTPError 403 (Forbidden) with Django and python-social-auth connecting to Google with OAuth2,6157,88,,
7438681,Duplicate virtualenv,17863,88,,
1134667,Django required field in model form,44206,87,,
14115318,Create Django model or update if exists,42135,87,,
15454008,How to reset db in Django? I get a command 'reset' not found error,76943,87,,
2216974,Django ModelForm for Many-to-Many fields,40803,86,,
10517765,django-debug-toolbar not showing up,29342,85,,
755857,Default value for field in Django model,70419,85,,
3356964,How i get the current language in django?,37742,84,,
852414,How to dynamically compose an OR query filter in Django?,17883,83,,
388800,How do I use the built in password reset/change views with my own templates,89106,83,,
14951356,Django : Testing if the page has redirected to the desired url,19033,83,,
7341066,Can I make an admin field not required in Django without creating a form?,20138,83,,
4359238,How do I get multiple values from checkboxes in Django,19141,82,,
5360873,How do I package a python application to make it pip-installable?,33701,82,,
4377861,Reload django object from database,25801,81,,
25606879,How to migrate back from initial migration in Django 1.7?,17715,80,,
3723220,How do you convert a PIL `Image` to a Django `File`?,15192,80,,
13014411,Django post_save() signal implementation,37921,79,,
29760817,How can I resolve 'django_content_type already exists'?,13475,79,,
6578986,How to convert JSON data into a Python object,141542,79,,
6453652,How to add the current query string to an URL in a Django template?,14285,78,,
12906402,type object 'datetime.datetime' has no attribute 'datetime',60855,78,,
2164069,Best way to make Django's login_required the default,20934,78,,
1854237,Django edit form based on add form?,25479,77,,
10909857,PyCharm can't find the right paths if I open a directory that is not the Django root,30427,77,,
702337,How to make Django slugify work properly with Unicode strings?,14826,77,,
38744285,Django URLs error: view must be a callable or a list/tuple in the case of include(),19714,77,,
16655097,django abstract models versus regular inheritance,24494,77,,
238081,How do you log server errors on django sites,66772,76,,
929029,How do I access the child classes of an object in django without knowing the name of the child class?,21426,76,,
2278076,Count number of records by date in Django,10933,76,,
2140550,How to require login for Django Generic Views?,34439,76,,
8702772,Django get list of models in application,12615,75,,
1515634,Case insensitive urls for Django?,6105,75,,
11476210,Getting Site Matching Query Does Not Exist Error after creating django admin,23837,75,,
5875111,Running a specific test case in Django when your app has a tests directory,33225,75,,
18108521,many-to-many in list display django,16930,75,,
6314841,TypeError: 'RelatedManager' object is not iterable,20530,74,,
26672077,Django Model() vs Model.objects.create(),39002,74,,
17256724,Include intermediary (through model) in responses in Django Rest Framework,8712,74,,
4237898,UnicodeDecodeError : 'ascii' codec can't decode byte 0xe0 in position 0: ordinal not in range(128),38870,74,,
11293380,Django: Catching Integrity Error and showing a customized message using template,29664,74,,
12476452,How can I return HTTP status code 204 from a Django view?,16889,74,,
2233883,Get all related Django model objects,23067,74,,
1901525,Django template and the locals trick,7141,73,,
180809,"In the Django admin interface, is there a way to duplicate an item?",7404,73,,
15795869,Django ModelForm to have a hidden input,41581,73,,
6485106,What is the easiest way to clear a database from the CLI with manage.py in Django?,54257,72,,
843580,Writing a __init__ function to be used in django model,30769,71,,
1408925,django templates: include and extends,77292,71,,
20164688,Celery and Django simple example,16448,70,,
401025,Define css class in django Forms,82405,70,,
739260,Customize/remove Django select box blank option,34694,69,,
25960850,Loading initial data with Django 1.7 and data migrations,20230,69,,
1470676,How can I tell the Django ORM to reverse the order of query results?,15629,69,,
1102254,Should I use Celery or Carrot for a Django project?,6692,69,,
11770501,How can I login to django using tastypie,9229,69,,
3889769,How can I get all the request headers in Django?,36748,69,,
18140838,"sql ""LIKE"" equivalent in django query",22171,69,,
5493776,Django: 'current_tags' is not a valid tag library,41982,69,,
6989965,How do I start up remote debugging with PyCharm?,27787,69,,
27434593,django-rest-framework 3.0 create or update in nested serializer,18361,68,,
11945321,"What is the equivalent of ""none"" in django templates?",36758,68,,
12161271,Can I make STATICFILES_DIR same as STATIC_ROOT in Django 1.3?,17871,68,,
147752,In Django is there a way to display choices as checkboxes?,21575,68,,
13544504,django form got multiple values for keyword argument,6762,67,,
2270537,How to customize the auth.User Admin page in Django CRUD?,13123,67,,
6914687,Django sending email,42948,67,,
21925671,Convert Django Model object to dict with all of the fields intact,39252,67,,
6481279,Django SUM Query?,30036,66,,
18322262,how to setup custom middleware in django,16893,66,,
992230,django for loop counter break,18231,66,,
20613315,Get rid of get_profile() in a migration to Django 1.6,7836,66,,
2342031,Remove default apps from Django-admin,10736,65,,
2406537,Django formsets: make first required?,9782,65,,
6583877,How to override and extend basic Django admin templates?,69299,65,,
21079820,How to find pg_config path,52911,65,,
16169035,"coercing to Unicode: need string or buffer, NoneType found when rendering in django admin",64707,65,,
4558879,"Python/Django: log to console under runserver, log to file under Apache",71431,65,,
4706255,How to get value from form field in django framework?,65060,64,,
4789021,"In Django, how do I check if a user is in a certain group?",47753,64,,
31343299,MySQL Improperly Configured Reason: unsafe use of relative path,8387,64,,
9590965,Convert an IP string to a number and vice versa,35909,64,,
401277,Naming Python loggers,9846,64,,
13349573,How to change a django QueryDict to Python Dict?,35827,64,,
1829216,How can I programmatically obtain the max_length of a Django model field?,5731,64,,
13998901,Generating a Random Hex Color in Python,30631,64,,
12142133,How to get first element in a list of tuples?,61523,64,,
1385094,Django admin and showing thumbnail images,29539,64,,
1512059,"Django: Get an object form the DB, or 'None' if nothing matches",37140,64,,
3798812,How to compare dates in Django,29342,64,,
12838111,south: cannot ALTER TABLE because it has pending trigger events,13817,63,,
14327036,Count vs len on a Django QuerySet,14644,63,,
6460598,Can you migrate backwards to before the first migration in South?,4729,63,,
16108526,Count how many lines are in a CSV Python?,49107,63,,
4269605,Django. Override save for model,81982,63,,
28306288,RemovedInDjango18Warning: Creating a ModelForm without either the 'fields' attribute or the 'exclude' attribute is deprecated,23364,63,,
5380984,Any way to make {% extends '...' %} conditional? - Django,6335,63,,
5583401,serialize datetime to json in Django,15407,63,,
7514964,Django - how to create a file and save it to a model's FileField?,34456,63,,
9586346,Virtualenv and source version control,6377,62,,
8380389,how to get day name in datetime in python,25899,62,,
699462,Python/Django: Creating a simpler list from values_list(),18518,62,,
11190070,django - getlist(),21501,61,,
22288569,How do I activate a virtualenv inside PyCharm's terminal?,31364,61,,
10372877,How to create a user in Django?,32617,61,,
1445989,Passing Python Data to JavaScript via Django,41420,61,,
7302889,TextField missing in django.forms,24026,61,,
17751163,Django: display time it took to load a page on every page,9743,60,,
4363899,Making moves w/ websockets and python / django ( / twisted? ),6403,60,,
27269574,How to run Debug server for Django project in PyCharm Community Edition?,11916,60,,
23916413,Celery parallel distributed task with multiprocessing,13094,60,,
8335029,Is there a way to negate a boolean returned to variable?,27733,60,,
8616343,Django: Calculate the Sum of the column values through query,20598,60,,
170337,Django signals vs. overriding save method,12769,60,,
2770810,Multiple Models in a single django ModelForm?,29020,59,,
8618068,Django filter queryset __in for *every* item in list,26983,59,,
8436666,How to make python on Heroku https only?,12192,59,,
12364157,South - How to force certain migration?,14087,59,,
1596552,django urls without a trailing slash do not redirect,29554,58,,
1252218,PIL Image.resize() not resizing the picture,23883,58,,
2013835,Django: How should I store a money value?,30458,58,,
10419665,How does pgBouncer help to speed up Django,11089,58,,
10277748,how to get request object in django unit testing?,18889,58,,
801354,Django equivalent of PHP's form value array/associative array,11583,58,,
981375,Using a Django custom model method property in order_by(),11469,58,,
3495964,"In django, how do I call the subcommand 'syncdb' from the initialization script?",12395,58,,
3303336,how to loop through httprequest post variables in python,19470,58,,
16336271,is not JSON serializable,51483,58,,
5503925,How do I use a dictionary to update fields in Django models?,15554,58,,
6945251,Localized date strftime in Django view,6856,58,,
7503241,django models selecting single field,17600,58,,
7684408,Django cannot import name x,22832,57,,
29683494,What should I use instead of syncdb in Django 1.9?,29507,57,,
29311354,How to set the timezone in Django?,24136,57,,
21563227,Django allauth example [Errno 61] Connection refused,8001,57,,
11494483,Django class-based view: How do I pass additional parameters to the as_view method?,43747,57,,
3736964,Django Query using .order_by() and .latest(),47665,57,,
3551257,How to disable formatting for FloatField in template for Django,9528,57,,
1160579,"models.py getting huge, what is the best way to break it up?",12088,56,,
1744203,Django Admin: OneToOne Relation as an Inline?,20614,56,,
11336548,Django - taking values from POST request,75753,56,,
991926,Custom Filter in Django Admin on Django 1.3 or below,41225,56,,
10408826,Remove leading and trailing slash /,23122,56,,
27051209,How can I use Django OAuth Toolkit with Python Social Auth?,9551,56,,
18039680,Django - Get only date from datetime.strptime,22039,56,,
7382149,Django SECRET_KEY,14006,56,,
19068308,Access Django models with scrapy: defining path to Django project,7341,56,,
17901341,Django - How to make a variable available to all templates?,4443,55,,
32445953,"Django app works fine, but getting a TEMPLATE_* warning message",12637,55,,
2740837,Which Python API should be used with Mongo DB and Django,15574,55,,
2964244,Django: Meaning of leading underscore in list of tuples used to define choice fields?,5548,55,,
3499791,How do I prevent fixtures from conflicting with django post_save signal code?,5363,55,,
8287883,Django: how to get format date in views?,29963,55,,
12030187,Getting current date and current time only respectively,34874,55,,
1271631,How to check the TEMPLATE_DEBUG flag in a django template?,20179,54,,
1598932,Atomic increment of a counter in django,15531,54,,
14255125,Catching DoesNotExist exception in a custom manager in Django,21284,54,,
761698,How to get the label of a choice in a Django forms ChoiceField?,41806,54,,
23215581,Unable to perform collectstatic,22369,54,,
4604814,Django Model Field Default to Null,21932,54,,
16790375,<Django object > is not JSON serializable,44588,54,,
9575310,How can I iterate over ManyToManyField?,14399,54,,
4997293,Access Python Development Server from External IP,8799,53,,
4507893,Django filter many-to-many with contains,35138,53,,
4632261,PIL /JPEG Library / Help!,43792,53,,
5705618,Accessing function as attribute in a Python class,13895,53,,
17716624,Django CSRF Cookie Not Set,25253,53,,
7670289,sqlite3.OperationalError: unable to open database file,61000,53,,
2932648,How do I use a string as a keyword argument?,6102,53,,
2246725,"Django, template context processors",34460,53,,
1618728,Disable link to edit object in django's admin (display list only)?,15740,53,,
3801379,How can I use redis with Django?,46017,53,,
1624782,Django model fields validation,31408,52,,
1202839,get request data in Django form,34240,52,,
2243002,"Django: ""TypeError: [] is not JSON serializable"" Why?",33950,52,,
14190045,"How to convert datetime.timedelta to minutes, hours in Python?",56477,52,,
2781383,Where to put Django startup code?,15886,52,,
6791911,Execute code when Django starts ONCE only?,26571,52,,
5478855,Django: Can't render STATIC_URL from settings in template,10999,52,,
4754485,DRY way to add created/modified by and time,11969,52,,
9574810,Writing test cases for django models,10860,51,,
2546207,Does SQLAlchemy have an equivalent of Django's get_or_create?,25079,51,,
10664244,Django: How to manage development and production settings?,20814,51,,
22538563,Django: reverse accessors for foreign keys clashing,13685,51,,
36081149,Why did Django 1.9 replace tuples () with lists [] in settings and URLs?,1706,51,,
378303,How to get a list of all users with a specific permission group in Django,41859,51,,
844746,Performing a getattr() style lookup in a django template,13340,51,,
895454,Django App Dependency Cycle,5435,51,,
271077,Django - How to do tuple unpacking in a template 'for' loop,38031,51,,
1949248,How to add clickable links to a field in Django admin?,18374,51,,
3597762,How does Django's ORM manage to fetch Foreign objects when they are accessed,6716,51,,
12900023,How can I run a celery periodic task from the shell manually?,14459,51,,
4123155,How do I send empty response in Django without templates,15422,50,,
4064808,Django model inheritance: create sub-instance of existing instance (downcast)?,5490,50,,
1493479,Cannot access django app through ip address while accessing it through localhost,8618,50,,
30752268,How to filter objects for count annotation in Django?,5804,50,,
312925,Django authentication and Ajax - URLs that require login,16552,50,,
883313,django excel xlwt,17469,50,,
3395863,How can I get the object count for a model in Django's templates?,26538,50,,
5250276,How to render an ordered dictionary in django templates?,20121,50,,
21500354,How to see which tests were run during Django's manage.py test command,6084,50,,
5478432,Making a Django form class with a dynamic number of fields,28516,50,,
4241757,Python/Django: How to remove extra white spaces & tabs from a string?,26810,50,,
7811556,How do I convert a Django QuerySet into list of dicts?,31037,49,,
4812035,Django objects.filter() values_list() vs python list comprehension for __in query,29873,49,,
15621048,How can I satisfy an import of direct_to_template?,11738,49,,
20906305,Import error cannot import name execute_manager in windows environment,39198,49,,
842031,Django equivalent of COUNT with GROUP BY,14992,49,,
164901,How would I package and sell a Django app?,7961,49,,
11569144,Proper way to handle static files and templates for Django on Heroku,7334,49,,
20282521,django.request logger not propagated to root?,7137,49,,
8586346,Python regex for integer?,41510,49,,
1842389,Reverse for '*' with arguments '()' and keyword arguments '{}' not found,89596,49,,
1600129,Using south to refactor a Django model with inheritance,8518,49,,
12393726,User groups and permissions,26888,49,,
12680691,loop backwards using django template,6611,49,,
24068576,How to receive json data using HTTP POST request in Django 1.6?,28631,49,,
4093999,How to use Django to get the name for the host server?,22292,48,,
20498317,User Authentication in Django Rest Framework + Angular.js web app,16511,48,,
297383,Dynamically update ModelForm's Meta class,8687,48,,
446026,Django: how do you serve media / stylesheets and link to them within templates,39948,48,,
3166361,How to use OR using Django's model filter system?,9703,48,,
20877106,Using IntellijIdea within an existing virtualenv,8457,48,,
5016589,What is the difference between static files and media files in Django?,9099,48,,
30259452,Proper way to consume data from RESTFUL API in django,10091,47,,
4353147,What's the best way to handle Django's objects.get?,16677,47,,
4642596,How do I check whether this user is anonymous or actually a user on my system?,11126,47,,
3345076,Django: Parse JSON in my template using Javascript,26026,47,,
933092,Generic many-to-many relationships,10918,47,,
10953695,Update new Django and Python 2.7.* with virtualenv on Dreamhost (with passenger),6160,47,,
2861770,How do I subtract two dates in Django/Python?,35996,47,,
2374224,Django - Working with multiple forms,8722,47,,
26103005,django.core.exceptions.ImproperlyConfigured,16388,47,,
20633313,Django Rest Framework - Get related model field in serializer,17113,47,,
8880652,PyCharm: Forcing Django Template Syntax Highligting,5264,47,,
2055784,What is the best approach to change primary keys in an existing Django app?,18816,47,,
12165636,Django Aggregation: Summation of Multiplication of two fields,10904,47,,
23639085,django change default runserver port,34051,47,,
4162625,Django request get parameters,57201,46,,
1729051,Django upload_to outside of MEDIA_ROOT,5031,46,,
15306897,Django reverse lookup of foreign keys,31995,46,,
476017,Order a QuerySet by aggregate field value,24470,46,,
141487,Is there an easy way to populate SlugField from CharField?,11749,46,,
11194287,Convert a directory structure in the filesystem to JSON with Node.js,31579,46,,
3167824,Change Django ModelChoiceField to show users' full names rather than usernames,9081,46,,
4380879,Django Model Field Default Based Off Another Field in Same Model,14254,46,,
7703865,Going from twitter date to Python datetime date,11513,46,,
19128540,Django: ImproperlyConfigured: The SECRET_KEY setting must not be empty,44125,46,,
18643998,GeoDjango GEOSException error,5031,46,,
4879036,"Django: ""projects"" vs ""apps""",32678,46,,
7772001,How to escape {{ or }} in django template?,17109,45,,
5611410,related_name argument not working as expected in Django model?,5141,45,,
3209906,Django return redirect() with parameters,58957,45,,
13460426,get user profile in django,22039,45,,
22149,Unicode vs UTF-8 confusion in Python / Django?,11391,45,,
927729,how to override the verbose name of a superclass model field in django,5346,45,,
15557257,Django: Remove a field from a Form subclass,8341,45,,
2462905,Is it possible to change the model name in the django admin site?,16325,45,,
1845293,Get all table names in a Django app,11884,45,,
4111244,Get a list of all installed applications in Django and their attributes,18586,45,,
1598823,Elegant setup of Python logging in Django,37790,45,,
34096424,Django: Support for string view arguments to url() is deprecated and will be removed in Django 1.10,14727,44,,
1828187,Determine complete Django url configuration,14205,44,,
25851183,How to compare two JSON objects with the same elements in a different order equal?,22226,44,,
2615042,How do I use Logging in the Django Debug Toolbar?,7003,44,,
22434869,Django Rest Framework and JSONField,11394,44,,
487224,Reducing Django Memory Usage. Low hanging fruit?,16748,44,,
365082,Can you change a field label in the Django Admin application?,24047,44,,
11351619,How to make Django's DateTimeField optional?,17404,44,,
3395236,Aggregating save()s in Django?,8155,44,,
4382032,Defining a model class in Django shell fails,7871,44,,
4532681,How to remove all of the data in a table using django,26702,44,,
38479063,django-debug-toolbar breaking on admin while getting sql stats,3760,44,,
5469159,How to write a custom decorator in django?,35122,43,,
5942759,best place to clear cache when restarting django server,15711,43,,
38739422,Django error: render_to_response() got an unexpected keyword argument 'context_instance',6937,43,,
16243560,django DetailView - how to use 'request' in get_context_data,9277,43,,
10018757,How does the order of mixins affect the derived class?,5294,43,,
18503770,How to create user from django shell,20154,43,,
2988997,How to TRUNCATE TABLE using Django's ORM?,17328,43,,
13145254,Django annotate count with a distinct field,11012,43,,
471550,Customizing an Admin form in Django while also using autodiscover,10734,43,,
1014591,Traversing foreign key related tables in django templates,17393,43,,
769843,How do I use AND in a Django filter?,16539,43,,
2344751,In Django - Model Inheritance - Does it allow you to override a parent model's attribute?,27795,43,,
2180415,Using Django database layer outside of Django?,10399,43,,
14616805,Why won't Django use IPython?,7744,43,,
20550598,"Django Rest Framework - Could not resolve URL for hyperlinked relationship using view name ""user-detail""",19240,43,,
3681216,django-admin.py startproject is not working,14872,43,,
1518286,Django - use reverse url mapping in settings,5682,43,,
1205375,Filter by property,16883,43,,
1275735,how to access dictionary element in django template?,106140,42,,
3874422,Developing with Django+Celery without running `celeryd`?,7746,42,,
8850415,Django - FileField check if None,9014,42,,
2237064,passing arguments to a dynamic form in django,12593,42,,
25901481,Python Django : No module named security,16534,42,,
502916,Django: How to create a model dynamically just for testing,13616,42,,
18564745,can't pip install mysql-python,17556,42,,
15675672,django - get the latest record with filter,30570,42,,
4863301,Automatically import models on Django shell launch,8515,42,,
5031711,Python - Cleanest way to override __init__ where an optional kwarg must be used after the super() call?,25524,42,,
8098122,Mongoengine creation_time attribute in Document,7858,42,,
5452555,Converting timezone-aware datetime to local time in Python,28466,42,,
20026728,Django CMS fails to syncdb or migrate,4638,41,,
5013367,how to run this code in django template ,7779,41,,
4771464,Django queryset filter for blank FileField?,4149,41,,
10157059,How can I use Bootstrap with Django?,18087,41,,
6390310,How do I see the Django debug toolbar?,14639,41,,
6023421,how to edit model data using django forms,16699,41,,
9337149,Is virtualenv recommended for django production server?,11041,41,,
31748278,How do you install mysql-connector-python (development version) through pip?,18140,41,,
569696,Lazy choices in Django form,6988,41,,
32761566,Django 1.9 ImportError for import_module,16114,41,,
2468804,How to call function that takes an argument in a Django template?,41119,41,,
13965823,Resource 'corpora/wordnet' not found on Heroku,9795,41,,
8600843,Serving large files ( with high loads ) in Django,15229,41,,
12555831,Decoder JPEG not available error when following Django photo app tutorial,23789,41,,
24137457,FieldError at /admin/ - Unknown field(s) (added_on) specified for UserProfile,8650,41,,
1110153,What is the most efficent way to store a list in the Django models?,58973,41,,
12304050,Django Tutorial: Generic Views. Attribute Error,8789,40,,
25537905,Django 1.7 throws django.core.exceptions.AppRegistryNotReady: Models aren't loaded yet,87415,40,,
2035288,Getting a list of errors in a Django form,15910,40,,
2245895,is there a simple to get group names of a user in django,19378,40,,
2680391,In django changing the file name of an uploaded file,14113,40,,
35059916,Django JSON response error status,4307,40,,
10579704,ImportError: No module named objectid,14941,40,,
22413050,Can't install python mysql library on Mac Mavericks,9359,40,,
302651,Use only some parts of Django?,9841,40,,
2922874,How to stream an HttpResponse with Django,29104,40,,
6461989,Populating django field with pre_save()?,20054,40,,
7574759,Django -- Can't get static CSS files to load,36688,40,,
19231458,'module' object has no attribute 'now' will trying to create a CSV,16326,40,,
18979111,Sending post data from angularjs to django as JSON and not as raw content,13610,40,,
4441539,Why doesn't django's model.save() call full_clean()?,13203,40,,
16459264,How do I pass a PK or slug to a DetailView using RequestFactory in Django?,1861,40,,
5430470,retrieving list items from request.POST in django/python,17158,39,,
7877340,TypeError: ‘DoesNotExist’ object is not callable,1466,39,,
19926750,"Django, ImportError: cannot import name Celery, possible circular import?",18676,39,,
6367014,How to send email via Django?,87643,39,,
4863332,How can I obtain the model's name or the content type of a Django object?,14788,39,,
4880842,How to dynamically set the queryset of a models.ModelChoiceField on a forms.Form subclass,8129,39,,
4836327,Do I need to add a db_index to this Django model?,4285,39,,
447117,Django: Increment blog entry view count by one. Is this efficient?,8783,39,,
11066411,mysql error : ERROR 1018 (HY000): Can't read dir of '.' (errno: 13),22618,39,,
2268417,Expire a view-cache in Django?,13066,39,,
2312714,Can the Django dev server correctly serve SVG?,6342,39,,
8726610,How to use less css with django?,15711,39,,
1088431,Adding attributes into Django Model's Meta class,7564,39,,
4055860,Unit testing with django-celery?,13379,39,,
12822847,Best practice for Python & Django constants,10060,38,,
24229397,django object is not JSON serializable error after upgrading django to 1.6.5,12473,38,,
1545067,Django - specify which model manager Django admin should use,6660,38,,
8445698,Fabric - sudo -u,9167,38,,
14663523,Foreign Key Django Model,29389,38,,
2147701,Serializing list to JSON,52859,38,,
1875316,Validate image size in django admin,8328,38,,
890924,"How do you reload a Django model module using the interactive interpreter via ""manage.py shell""?",19337,38,,
749682,What is the format in which Django passwords are stored in the database?,16959,38,,
350799,How does Django Know the Order to Render Form Fields?,26121,38,,
67454,Serving dynamically generated ZIP archives in Django,15523,38,,
23353113,django-admin.py makemessages not working,18478,38,,
3172929,OperationalError: database is locked,15455,38,,
4839762,How do I use Django's logger to log a traceback when I tell it to?,9540,38,,
26871381,Deploying a local django app using openshift,9579,38,,
6637168,Python Django Templates and testing if a variable is null or empty string,24829,38,,
9207430,How to Copy/Clone a Virtual Environment from Server to Local Machine,7554,38,,
21240680,Django NoReverseMatch,33277,38,,
19745091,Accessing dictionary by key in Django template,39581,38,,
19433630,How to use 'User' as foreign key in Django 1.5,26687,38,,
5935447,How can django sql queries use case insensitive and contains at the same time?,6848,38,,
4384098,"In Django models.py, what's the difference between default, null, and blank?",10002,38,,
5495452,Using Basic HTTP access authentication in Django testing framework,7263,37,,
19628979,Django ModelForm Imagefield Upload,12302,37,,
29635765,Django 1.9 deprecation warnings app_label,42857,37,,
7088173,How to Query model where name contains any word in python list?,11911,37,,
10021749,Django Tastypie Advanced Filtering: How to do complex lookups with Q objects,10663,37,,
3452381,What's the difference of ContentType and MimeType,19222,37,,
13225890,"Django default=timezone.now() saves records using ""old"" time",4759,37,,
511291,Django Installed Apps Location,19329,37,,
732952,Get Primary Key after Saving a ModelForm in Django,13905,37,,
883575,Custom ordering in Django,11333,37,,
2320895,Remove and ignore all files that have an extension from a git repository,8960,37,,
15456964,Changing password in Django Admin,10334,37,,
1827526,Django creating a form field that's read only using widgets,23918,37,,
25767787,Django - Cannot create migrations for ImageField with dynamic upload_to value,3384,37,,
12384460,Allow only positive decimal numbers,5592,37,,
3682513,Django models.py Circular Foreign Key,6156,37,,
1912351,Django: Where to put helper functions?,15336,36,,
8506914,Detect whether Celery is Available/Running,10605,36,,
25943850,Django package to generate random alphanumeric string,8713,36,,
2690521,Django check for any exists for a query,36784,36,,
2581005,Django TestCase testing order,4999,36,,
465065,Writing unit tests in Django / Python,8930,36,,
629696,Deploying Google Analytics With Django,9309,36,,
742,Class views in Django,12481,36,,
13899530,GAE SDK 1.7.4 and InvalidCertificateException,5443,36,,
31431924,Force django-admin startproject if project folder already exists,2929,36,,
26646362,NumPy array is not JSON serializable,20766,36,,
5285035,"Beginner friendly, PHP or Django?",25737,36,,
15770488,Return the current user with Django Rest Framework,11040,36,,
9539441,Run Python/Django Management Command from a UnitTest/WebTest,4772,36,,
31648019,No module named 'allauth.account.context_processors',5287,36,,
19323513,"Heroku & Django: ""OSError: No such file or directory: '/app/{myappname}/static'""",7947,36,,
7602904,Temporarily Disabling Django Caching,9345,36,,
7763115,Django Passing data between views,7804,36,,
4286461,Django Templates First element of a List,16921,36,,
4510871,ugettext and ugettext_lazy in Django,9651,36,,
16581572,Django: manage.py does not print stack trace for errors,3361,36,,
5586774,"Django template filters, tags, simple_tags, and inclusion_tags",4038,35,,
27591574,Order of Serializer Validation in Django REST Framework,7065,35,,
19627911,How to See if a String Contains Another String in Django Template,22767,35,,
9561243,How to check if something exists in a postgresql database using django?,15549,35,,
18400315,Whats the difference between using {{STATIC_URL}} and {% static %},1849,35,,
9911195,libmysqlclient.18.dylib image not found when using MySQL from Django on OS X,11548,35,,
22003769,Get virtualenv's bin folder path from script,7837,35,,
