Post Link,Post Title,Post Views,Answer Score
"19917401","Error: request entity too large","96514","429"
"5867199","Can't get rid of header X-Powered-By:Express","28264","200"
"19059580","Client on node: Uncaught ReferenceError: require is not defined","189730","189"
"15463199","How to set custom favicon in Express?","51577","156"
"21170531","Desktop applications only support the oauth_callback value 'oob'/oauth/request_token","12450","93"
"14790910","stop all instances of node.js server","73039","92"
"10191048","socket.io.js not found","31809","90"
"18008620","Node.js/Express.js App Only Works on Port 3000","82687","57"
"18006179","TypeError: Request path contains unescaped characters","17004","52"
"19104215","Node.js/Express.js Chain Certificate Not working","10286","48"
"33986863","Mocha API Testing: getting 'TypeError: app.address is not a function'","8786","47"
"7641622","Node.js/Express - Render error when page not found","25129","43"
"34620628","HtmlWebpackPlugin injects relative path files which breaks when loading non-root website paths","7571","42"
"18692580","Node.js POST causes [Error: socket hang up] code: 'ECONNRESET'","31644","39"
"11739715","how to redirect in node.js","16044","33"
"15629923","nodeJS exec does not work for ""cd "" shell cmd","9388","33"
"16111386","Error: Cannot find module html","43883","30"
"6370478","Express gzip static content","24548","30"
"23997572","Error: misconfigured csrf - Express JS 4","3975","28"
"29207878","require('babel/register') doesn't work","24617","28"
"27117337","Exclude route from express middleware","7715","27"
"20322480","Express js static relative parent directory","9176","27"
"18931452","Node.js: get path from the request","63907","26"
"31102035","How can I use webpack with express?","26745","26"
"31656178","typeerror: app.use() requires middleware function","23962","25"
"20433287","Node.js request CERT_HAS_EXPIRED","19929","25"
"23725643","With Supertest, can I create an alternative request with some headers set by default?","9729","24"
"22361917","Automatic reconnect with Stomp.js in Node.js application","6484","23"
"20381059","Can't get POST body from request using Express.js","17840","23"
"12235406","How to use ExpressJS and Socket.io on a same port?","7515","23"
"12783615","Partials with Node.js + Express + Hogan.js","18378","23"
"19184755","Jade : New warning on multiple attributes","3393","22"
"17123165","Express middleware: app.use and app.all","3722","22"
"22202232","Express has no method configure error","27907","22"
"35553500","XMLHttpRequest cannot load https://www.[website].com/","3192","22"
"29797946","Handling bad JSON.parse() in node safely","10058","21"
"28775051","Best way to perform a full text search in MongoDB and Mongoose","4164","21"
"21661047","Node.js express.json middleware not parsing request as expected","12342","21"
"12962097","Use Express JS .all() method: detect which VERB was actually used","5884","21"
"5385036","502 Bad Gateway when using ExpressJS with nginx","16025","21"
"33853695","Node.js server.address().address returns ::","7174","21"
"32917617","Multer not accepting files in array format gives 'Unexpected File Error'","4586","20"
"6825325","Example of Node.js Express registering Underscore.js as view engine?","6768","20"
"8931239","How to access variables declared in main app.js in separate route files in node.js Express 2.5.5?","7429","20"
"13554319","Express.js close response","8271","20"
"14115893","Render raw HTML","57994","20"
"18789864","node.js & express - global modules & best practices for application structure","12796","20"
"25083564","socket.io / parameters on connection","25162","20"
"22429744","How to setup route for websocket server in express?","14254","19"
"23860275","Javascript (Angular) not loading when using Express","9907","19"
"21262373","Jade templates, adding to a head after extending a template","4963","19"
"19838241","Socket.io : Get Client sessionID at any point","11867","19"
"13322876","Node.js Express app handle startup errors","7299","19"
"9285880","Node.js / Express.js - How to override/intercept res.render function?","11913","19"
"15653347","Yeoman - Current best way to use it with AngularJS & Express?","9392","19"
"5605392","Node.js with Express: Importing client-side javascript using script tags in Jade views?","43281","19"
"11289793","Accessing EJS variable in Javascript logic","22152","19"
"6590333","How can I turn an EJS template into a string?","3593","18"
"18264346","how to load an image from url into buffer in nodejs","8684","18"
"18138992","Use email with Passport-local. Previous help not working","2934","18"
"22820734","How to return success from ajax post in Node.js","11223","18"
"22987588","express js 4 - How to configure without app.configure?","5355","18"
"25013735","Socket.io + NodeJS doesn't work on Heroku","6602","18"
"24795911","How to promisify NodeJS Express with Bluebird","2906","18"
"27680933","Jasmine have createSpy() return mock object","5437","18"
"26779846","Nodejs: Error: Cannot find module 'html'","11033","17"
"24186630","NodeJS express make get request","12290","17"
"25337222","javascript - app.set('port', 8080) versus app.listen(8080) in Express.js","8519","17"
"23090659","SailsJS proper way to pass an object/variable to a layout view","4098","17"
"21263337","passing a variable from jade to javascript","8230","17"
"8936695","Account for Backbone.js pushState routes with node.js express server?","5030","17"
"11295554","How to disable Express BodyParser for file uploads (Node.js)","33101","17"
"9969169","Does jade's syntax support a switch statement?","5416","17"
"15379004","How to serve the image files using express framework in node.js?","13471","17"
"13361072","How to access variables set using app.set() in express js","9630","17"
"13668547","Exporting a mongoose database module","13817","17"
"34714202","Passport local returns error 400 bad request with Angular","2296","17"
"13926419","heroku for node: ! Heroku push rejected, no Cedar-supported app detected","11927","16"
"13201723","generating and serving static files with Meteor","8710","16"
"11662085","Nodejs, Express GET POST params","8229","16"
"8281382","socket.send outside of io.sockets.on( )","6748","16"
"6270832","JADE + EXPRESS: Iterating over object in inline JS code (client-side)?","12201","16"
"5161828","Express framework giving a very strange error","5732","16"
"20857865","Okay to add a route to Node.js Express while listening?","1597","16"
"16301258","how to render json object in jade and loop through results","38563","16"
"21904382","Node js, JWT token and logic behind","8286","16"
"24072333","Difference between assigning to res and res.locals in node.js (Express)","5097","16"
"29857555","Using Express inside Atom Electron","8763","16"
"32187787","Passport.js github strategy callback always returns ""TypeError: Cannot set property 'user' of undefined""","2670","16"
"32000516","req.files is undefined when uploading file with multer","10213","15"
"31495499","multer configuration with app.use returns TypeError","8875","15"
"24588408","busboy not firing finish event","2081","15"
"23638026","Express Node.js doesn't work","6349","15"
"19501164","NodeJs Using ExpressJs : TypeError: string is not a function at Function.app.render","4263","15"
"6404555","Is Node.js a good alternative to build complete websites?","13750","15"
"10335606","Node.js Rest Framework","3451","15"
"10634388","Downgrade NodeJs Version and express version","11292","15"
"15571779","What is the correct way to ""end"" a request from express/connect middleware?","3601","15"
"14669669","How to parse variables in querystring using Express?","12736","15"
"13557256","Passport JS ""Can't set headers after they are sent""","4092","15"
"13284157","Mongoose schema property with specific values","2382","14"
"7402750","Passing html elements into a jade file","3574","14"
"7069360","Express Static nodejs","20545","14"
"8355473","Listen on HTTP and HTTPS for a single express app","20373","14"
"9207078","How to render doT.js templating in nodejs?","6986","14"
"18259725","What's the proper way to handle mongoose connections with express.js?","8079","14"
"17991050","How to set the session timeout after log in passportjs?","6778","14"
"22921448","What's the difference between res.render() and ejs.render() in Node.js and Express app","5061","14"
"22715778","Button clicks in Jade","16037","14"
"24517753","How to create a simple html server using express js","10756","14"
"24019489","Node.js - Express 4.x - method-override not handling PUT request","7068","14"
"32153865","What is ""done"" callback function in Passport Strategy Configure ""use"" function","5562","14"
"26288055","How to send a file from remote URL as a GET response in Node.js Express app?","4924","14"
"27599614","var express = require('express'); var app = express(), What is express()?? is it a method or a constructor? Where does it come from","3511","13"
"26626186","Object #<MongoClient> has no method 'open'","3924","13"
"37209915","Unhandled rejection MongoError: cannot connect to server in MongoDB","821","13"
"23893872","How to properly remove event listeners in node js eventemitter","16688","13"
"17604866","Difference between readFile and readFileSync","14656","13"
"17756848","Only allow passportjs authenticated users to visit protected page","1729","13"
"18801661","Modify Node.js req object parameters","10987","13"
"20743348","passport.js and process.nextTick in strategy","1478","13"
"20940860","javascript function execution inside jade template","18427","13"
"21300877","Display data inside input value using Jade","8687","13"
"20228203","How to get POST fields in Express, without using bodyParser middleware?","7468","13"
"19627631","How to get Data from MongoDb using mongoose?","9891","13"
"9066905","IDE or editor for Node.js+Express and CoffeeScript","16069","13"
"6715610","POST Request Issue in ExpressJS","2653","13"
"10037936","Node.js with Handlebars.js on server and client","29898","13"
"9213707","Express resources with authentication middleware?","10961","13"
"14264429","how to use jQuery installed with npm in Express app?","10610","13"
"14228882","Inheritance in mongoose","11624","13"
"15604848","Express JS 'this' undefined after routing with app.get(..)","1517","13"
"11691376","Expressjs: How to share route middleware accross routes","5308","12"
"10082404","Heroku can't find local module on heroku (Node.js)","2644","12"
"7074509","How do I make my sessions last cross-subdomain in Node.js Express?","3556","12"
"9443840","Basic webserver with node.js and express for serving html file and assets","52213","12"
"9781538","How to run a function when an Express server starts up?","4513","12"
"8015361","How can I get express.js to catch and report runtime exceptions in AJAX calls","4823","12"
"20176982","res.download() not working in my case","8075","12"
"21441786","POST to PHP from Node.js","4858","12"
"17227881","How to parse HTTP request with a missing content type in Express/ NodeJs, by assuming a default content type?","5078","12"
"17449475","Getting express.js to show a public folder","12496","12"
"34113590","How to add custom function to response object in Node.JS","772","12"
"35705622","Using loops and promises in transactions in Sequelize","1674","12"
"26106399","Node.js + Express.js very slow serving static files","3661","12"
"26524020","How does the Express.js 4 Router let things reach the 404 page","3950","12"
"26632854","Socket hangup while posting request to Node-http-proxy Node.js","7109","12"
"27824859","When should I use express.js over a standalone node.js","3984","12"
"28569686","Webpack SCSS ""Flicker"" before pageload","1619","12"
"30358384","NodeJS Express - Show URL without using html extension","622","12"
"30593882","How to catch the error when inserting a MongoDB document which violates an unique index?","2618","12"
"29804321","Does run mongoskin only with mongodb version 1.4 and older?","1865","11"
"26164837","difference between 'done' and 'next' in node.js callbacks","6367","11"
"27052480","Node.js, Express, EJS - Active class on current page in navigation","1461","11"
"16629057","Handle an express redirect from Angular POST","17538","11"
"17777967","using AngularJS html5mode with nodeJS and Express","14996","11"
"18014403","Why cant I inline call to res.json?","1872","11"
"18905872","ExpressJs - where express.static(__dirname) point to?","12766","11"
"18640776","Does every object in JS have a toString() method?","2190","11"
"18343136","Logout url in html5mode angularjs?","1185","11"
"19104292","Express session with different cookie domain per request?","4035","11"
"21124909","Express routes: .get() requires callback functions but got a [object Object]","29226","11"
"21229944","Node require absolute path","7820","11"
"20033381","ExpressJS next(error) vs return next(error)","1100","11"
"7814794","How to structure a Node, Express, Connect-Auth and Backbone application on the server-side?","6838","11"
"10359333","Can't get Express session ID from cookies w/ Socket.IO","3519","11"
"10969299","Node.js user authentication using passport","17227","11"
"12017111","expressjs: get requested url","10539","11"
"13467981","string.replace not working in node.js express server","12055","11"
"13907767","Cannot render swig templates in Express","6237","11"
"22375176","How to make login form in node.js using mysql database","27051","11"
"22220839","Would it benefit to pre-compile jade templates on production in express","1091","11"
"25498775","Configure Express to send index.html for every url EXCEPT those ending in .css and .js","4907","11"
"25555139","bluebird Promisies crud example using nodejs , express and mongoose","3525","10"
"22588253","Dynamic database connection to mongodb or mongoose from nodejs","2630","10"
"23624005","Generate pdf file using pdfkit and send it to browser in nodejs-expressjs","8334","10"
"13795197","What is the proper usage of res.render() and res.redirect() in Express?","7273","10"
"14339661","Jade engine : set value from variable inside attribute","3403","10"
"14173770","HTTP DELETE verb in Node.JS","15480","10"
"12472448","Async - parallel() with functions dynamic array","5653","10"
"12030371","Mongoose Model.save() hangs when called from node.js app","3209","10"
"12048093","Is there a native feature to convert string based JSON into Mongoose Schema object instance?","6396","10"
"6519634","How can I send some HTML, render a view, then send more HTML in Express+Node.js?","6410","10"
"6543683","In Express.js, how do I make my template display the flash messages?","8589","10"
"5814897","In Node.Js Express, does ""res.render"" end the http request?","9871","10"
"9268951","ExpressJS Pass variables to JavaScript","7596","10"
"9153329","How to fetch next and previous item of the current one with Mongoose","2567","10"
"19693029","How to build a conditional query in Mongoose?","5260","10"
"21173465","How to embed and write mongo objects in Sails.js (more than one level deep)?","3219","10"
"21317981","Cannot GET / Nodejs Error","39394","10"
"19082693","How to access session identifier when using Socket.IO?","6736","10"
"32952085","Express.js redirect to HTTPS and send index.html","1045","10"
"32598066","How to mock http.ServerResponse and http.IncomingMessage for express.static","542","10"
"27230365","Morgan Logger + Express.js: writing file AND showing in console","2651","10"
"27315849","Mongoose save all parameters from request body","3520","10"
"26037755","Where to place common functions in express.js?","432","10"
"28925417","Express, Jade, & NodeJS: Navigate between pages","7588","10"
"28604238","Does Express.js on Node.js have a memory leak?","2168","10"
"29236759","Stripe API: There is no token with ID X (stripe.charges.create)","2099","10"
"32327858","How to send a POST request from node.js Express?","7583","10"
"31327439","Angular routing in HTML5mode with Node.js","5608","10"
"31362021","npm start vs node app.js","3849","10"
"31504798","Using express.js to serve html file along with scripts, css, and images","3871","9"
"28287253","How can I emit events to connected sockets using socket.io from within my Express 4 routes?","3874","9"
"26292267","How do I check if query string has values in Express.js/Node.js?","7296","9"
"26854207","Cannot install handlebars on Node from command line","1304","9"
"35626040","findOneAndUpdate used with returnNewDocument:true returns the Original document MongoDB","628","9"
"36434978","How to redirect to another page in node.js","8103","9"
"33078967","Node JS call a ""local"" function within module.exports","6100","9"
"34014823","Extract zip file to local folder","796","9"
"34632842","about express 4 router and push","844","9"
"35337738","Where to handle the error in a sequelize ORM query statement?","3198","9"
"18667954","How to create extendable controllers in ExpressJS","3829","9"
"18432779","Piping remote file in ExpressJS","6690","9"
"16845228","Interpretation of javascript code - Tilde symbol in front of ternary IF operator","545","9"
"19959708","req.files not working node.js - express","7066","9"
"20206771","Express with node.js not compressing jpeg images","1502","9"
"8455272","Expressjs secure session cookie","6914","9"
"8573586","How can I use a slug with Express and Node.js?","1974","9"
"6829370","Express.js sessions are persisting between users on different machines on seperate networks?","6508","9"
"7526639","Mongoose : Inserting JS object directly into db","12479","9"
"5584431","ExpressJS Installation","2623","9"
"11977989","Get signed_request in Node.js (Express) Facebook canvas app","1782","9"
"10474797","How to access client cookie (with session ID) created by node.js Express?","9581","9"
"11885562","What is the difference between setting a property on app.locals and calling app.set()?","3977","9"
"14160025","Routes folder in Express","3861","9"
"13791136","Express: is it possible to bypass sessions for static files?","1664","9"
"13703801","How does Node.js support Express.js?","153","9"
"14612774","How to secure a static route with Express and Nodejs","5727","9"
"23326561","Get title of a page with cheerio","2597","9"
"21883521","Node.js - Express.js JWT always returns an invalid token error in browser response","19124","9"
"22822684","How to hook after `res.send` but before the response leaves the server, ==> when res.statusCode is know","980","9"
"24398264","express.js request/response object life cycle when using callbacks","2246","9"
"24560480","Socket.io 400 (Bad Request)","7900","8"
"22336461","Error: write EPIPE with node.js and imagemagick","7067","8"
"25025426","Angular: how to pass $scope variables into the Node.js server.","6061","8"
"21789268","Models not loading properly when trying to use Mocha testing","1754","8"
"22265143","TypeError: Object function (req, res, next) { app.handle(req, res, next); } has no method 'configure'","10304","8"
"23117470","Passing an object with circular references from server to client-side Javascript while retaining circularity","1328","8"
"23123664","How to test express form post with CSRF?","1396","8"
"14035440","Nginx Reverse Proxying to Node.js with Rewrite","6223","8"
"12960575","how to pass an array of objects to jade template?","7863","8"
"12229959","extend expressjs res property","1975","8"
"12190262","module.exports colliding / being overwritten in node.js application","1096","8"
"10588793","Efficient server-side JavaScript memory management in an express/node.js API","1206","8"
"10222411","using partials with express in node.js","11751","8"
"9708436","Passing a value to a Node js module for Express routes","2508","8"
"12014685","Display Mongodb collection in jade template","3436","8"
"9924465","Node.js Programming Pattern for getting Execution Context","4707","8"
"11826792","Node + Express Session Expiration?","6801","8"
"7079048","Passing error message to template through redirect in Express/Node.js","5655","8"
"7003269","Is there anyway Express in Node.js can have more than one static folder?","1162","8"
"7204474","How do I send an email for every error that occurs in Node.js?","1969","8"
"5919629","Express module not found when installed with NPM","47864","8"
"8431186","How does this work? Optional first argument used in Express (err, req, res, next) or (req, res, next)","1216","8"
"20206583","PassportJS Custom Authenticate Callback Not Called","4626","8"
"20164478","Unit-test login with passport.js and express.js","4163","8"
"20502323","Traverse '__dirname' in Node.js Application","537","8"
"18987973","How to implement WebRTC recording to Node.js server","5883","8"
"19690756","How can I wrap every express js request in a domain or trycatch","5462","8"
"17053777","Where should be located a database config file in Node.js and Express?","4040","8"
"18250134","Express (node.js) using HTTPS and HTTP","8648","8"
"18770284","Node.js requests randomly begin to hang and won't clear until server restart","870","8"
"18779946","Javascript are these calls the same in Node.js?","153","8"
"19175271","node.js and express : Sequential execution flow one mongodb query request after another","5580","8"
"34373026","NodeJS (ES6): SyntaxError: Unexpected token {","2402","8"
"32654578","Retaining image file name and extension after upload in node.js (express) using multer","3558","8"
"35851660","multer - req.file always undefined","1661","8"
"26988071","Allow multiple CORS domain in express js","3746","8"
"25941010","Avoiding callback hell in nodeJs / Passing variables to inner functions","3087","8"
"28524862","How to update server's content without restarting it? (node.js)","2474","8"
"27538630","How can I add an instance method to all Models in sails.js?","1173","8"
"27890811","Node.js + Express - Can't connect. ERR_CONNECTION_REFUSED","8754","8"
"28839532","Node JS session error: express-session deprecated","5223","8"
"28748337","What's the best way to access the express 'app' object from inside a separate route file?","607","8"
"31498047","How to CORS Allow Headers in Sails","2519","8"
"31491980","proxy node request to new port and act like reverse proxy","439","8"
"29749544","express.static(): ""Undefined is not a function""","1173","8"
"29490833","NodeJS Multer is not working","7253","7"
"29796205","Express - Route separation methods","717","7"
"30038680","Requiring same module in multiple files","395","7"
"30806569","Using react-router and express with authentication via Passport.js - possible?","4612","7"
"28440369","Rendering a Base64 PNG with Express","3732","7"
"28266662","How to disable or replace X-Powered-By header in Sails.js application","1231","7"
"27658997","Can't set headers after they are sent on express","10887","7"
"26737883","Content-Disposition:attachment not triggering download dialog","2772","7"
"27694315","Cannot get app.css, main.js, other files to load using an Express server","797","7"
"36202618","How to upload file using multer or body-parser.","6003","7"
"36838037","Node.js and Express: How to return response after asynchronous operation","1975","7"
"36829197","Piping stream from busboy to request post","505","7"
"37314598","In Express.js why does code after res.json() still execute?","850","7"
"39632212","Access Control List in Algolia Search listing","45","7"
"33975098","make voiceXML to read the result returned by the server","275","7"
"34436455","Calling multiple HTTP requests in a single HTTP request in Node.js","6085","7"
"34919808","Is it possible to update a already created job in kue node js","641","7"
"18740504","Removing all headers from express.js","5623","7"
"18883473","Express Middleware to populate a Jade variable for all app.get()'s","3598","7"
"18406591","Expressjs - All Routes Are 404","2859","7"
"18413689","How do I embed EJS code in static Javascript?","1897","7"
"17256414","What is the difference between an include, a partial, and/or a block in templating. EJS / ejs-locals","1153","7"
"16517942","How to get raw http header string in node.js with express.js","8661","7"
"17872789","Node.js / Express - How do I set response character encoding?","22461","7"
"19925857","Global scope for every request in NodeJS Express","2741","7"
"20825221","How to call standard javascript functions inside Swig template?","2496","7"
"21172889","Node & Express - How do I send a page AND some JS data to the browser in a single request?","17054","7"
"20903719","node.js + socket.io + express.js: No connection","13935","7"
"6397574","How to access session in express, outside of the req?","6363","7"
"9670222","execute a Nodejs script from an html page?","24406","7"
"9699796","Sharing objects and avoiding globals in node.js","7031","7"
"6586197","expressjs bind all routes except 2 folders?","1419","7"
"11764585","Stream file uploaded with Express.js through gm to eliminate double write","3025","7"
"11960705","ExpressJS Server - How to handle multiple domains","9036","7"
"11509660","Making a specific directory browsable in Express.js","3511","7"
"11321110","mongoose not supplying error in find function","1814","7"
"10464152","URI templates: Is there an rfc-6570 implementation in javascript?","1742","7"
"10859036","Expressjs routes with username","473","7"
"10862271","Socket.io sanitize incoming data (xss)","1047","7"
"12488930","dump an object in ejs templates from express3.x views?","1917","7"
"12902792","Parse Microsoft Office files in Node.JS","12208","7"
"13907612","Can't set up Passport with Express and MongoDB/Mongoose - Sample Code?","4260","7"
"14693763","Is it bad practice to to use wrapping anonymous function for module.exports in Node?","1181","7"
"14743053","Streaming Assets (JS/CSS/images) from Amazon S3 with Express.js","1294","7"
"14655968","How to configure the Express response object to automatically add attributes to JSON?","1254","7"
"15042245","Reading AJAX post variables in Node.JS (with Express)","16649","7"
"15162508","Access global variable in angular","1462","7"
"15629610","Downloading N number of remote files using Node.js synchronously","4012","7"
"15248128","grunt.task.run() is not working","1038","7"
"15580460","Prevent zombie.js from loading only external resources","1641","7"
"23050122","How to get document root in sailsjs?","2644","7"
"23603803","NodeJS Modulization","311","7"
"22348705","Best way to store DB config in Node.Js / Express app","10151","7"
"21801618","Print variables inside jade file","3251","7"
"21907526","Express ignoring views directory","1779","7"
"22031072","Getting grunt-express to restart on changes","4561","7"
"22870916","Permanent session storage in Node","418","7"
"25151726","what's the technical difference between express and http, and connect for that matter","866","7"
"25623041","How to configure dynamic routes with express.js","15159","7"
"25090140","spawn ENOENT node.js error","8825","7"
"25473449","Pass Node env to layout.jade in Express without explicitly defining route","2189","7"
"25332482","Grunt Environment Variables Don't Get Set Until All Tasks Loaded","7471","6"
"25209073","Sending multiple responses with the same response object in Express.js","4187","6"
"25322905","How to get details of the user that sent data (.emit()) to nodejs server?","1095","6"
"24956231","How to make action on node.js server after button click using jQuery AJAX","16251","6"
"23949772","mean.io assetmanager.init(... returns JS error","1070","6"
"23975478","Node JS REST API, now how do I serve HTML files?","1602","6"
"24091661","Stop execution of a Sequelize promise in Express.js","3139","6"
"22771599","MongoDB Aggregation Framework - How to Match by Date Range, Group By Days, and Return Average For Each Day?","5865","6"
"21999877","Node/Express Generate a one time route / link / download?","1817","6"
"21961514","Express.js route that responds to any subfolder get request","845","6"
"23736065","Socket.io emit from Express controllers","2881","6"
"23327010","How to generate unique ID with node.js","36549","6"
"23512683","How to format data in Model before saving in Mongoose (ExpressJS)","1326","6"
"15761377","choosing assets sailsjs","1470","6"
"15198339","Distributed session storage in ExpressJS","733","6"
"15059852","Rendering HTML in jade email templates with readFileSync encoded as utf8","3053","6"
"14414389","Better middleware chaining in Express","969","6"
"13765315","opening HTML file using express.js","3703","6"
"13517375","Nodejs Express - dynamicHelpers error","4017","6"
"13534867","Nodejs Mongoose - TypeError: Invalid sort() argument","1716","6"
"14102415","Script served by Typescript and ExpressJs is not run","816","6"
"13031541","MongoError: cannot change _id of a document","5575","6"
"12716439","Consume JSON web service from Node/Express request?","6784","6"
"11259534","How to use id-aes256-GCM with Node.JS crypto? ""TypeError: DecipherFinal fail""","2075","6"
"10730561","in nodejs, how to stop a FOR loop until mongodb call returns","3962","6"
"10792096","Nodejs app structure","1158","6"
"10550436","Node - Express + Ember + Socket io project file structure for MVC development","5494","6"
"11161895","How do I add a new complex entry to a javascript array?","2632","6"
"11531459","Authentication for a SPA and a node.js server","1686","6"
"11828354","merge socket.io and express.js sessions","2274","6"
"5637264","Save Canvas on disk from clients browser?","425","6"
"4696657","ajax post to node.js express app?","7554","6"
"7062885","ExpressJS: How to know when a request has finished?","2407","6"
"7109732","Express: Setting content-type based on path/file?","21438","6"
"9057075","Writing a login in node.js using express","1914","6"
"8736836","mongoose error when use push()","1298","6"
"8444969","Expressjs authentication","4234","6"
"8199412","Error when installing Express for Node.js","4919","6"
"20828211","connect-flash and jade: unable to show flash messahe","3235","6"
"20670165","String syntax error using javascript's replace function","310","6"
"20629850","Express with gravatar","590","6"
"21140944","Compare arrays in JavaScript","100","6"
"21482364","ExpressJS - Regex for matching a path doesn't work","1134","6"
"21663601","How to write a node express app that serves most local files, but reroutes some to another domain?","2299","6"
"19847705","How to Handle A Large Series of AJAX Requests ( > 1000)","637","6"
"20338006","Node.js and Jade","874","6"
"17673702","Convert String to Array of JSON Objects (Node.js)","17102","6"
"16408553","Express/Node.js : Render custom javascript as response","2558","6"
"16928829","Node.js express POST 404ing","7107","6"
"16778626","Express not rendering bootstrap","2758","6"
"17100682","How to render multiple result from MySQL query on the same .ejs file on Node.js and Express?","2749","6"
"17173286","How to mount app.get() routes on a particular path prefix","10506","6"
"16999367","Routing error with angular.js and express","8072","6"
"19280398","Nothing inside my $(document).ready works","1250","6"
"19075443","Routing security flaw in Angular/MEAN.io?","2471","6"
"19185315","Architecture for login system on MEAN stack?","5423","6"
"21353562","What is describe() in Mocha","1354","6"
"34637523","Node save error ""Can't set headers after they are sent""","2036","6"
"34593296","NodeJS request multiple api endpoints","1787","6"
"34251526","Feathers calling custom API method","996","6"
"33798933","Nodejs, express routes as es6 classes","2533","6"
"32701952","Why can not find module 'jade'","2112","6"
"32795797","Cannot read property of undefined when uploading empty file","10856","6"
"33087765","Node + Express: Does Express clone the req and res objects for each request handler?","198","6"
"39759642","Correct/Concisest way to nest routers with Express","144","6"
"39442170","JavaScript errors not showing up in console?","616","6"
"40850299","Catching unhandled exceptions in Express when using async/await","122","6"
"41396551","Express keeps getting request.body as undefined JSON object","43","6"
"41953239","Node.js & Express.js Font Differentiation","55","6"
"37365517","""TypeError: res.sendStatus is not a function"" why I am getting this error after sometime?","1467","6"
"37815790","SyntaxError: Unexpected token function - Async Await Nodejs","5661","6"
"37901568","Serving static files in Express with mustache templating","1956","6"
"37121005","When I JSON.stringify(object) I get a crazy string as a value","260","6"
"36277115","express 4.0 body-parser is not visible to route handler","87","6"
"35812710","Node.js MongoDB Sockets closed error","1609","6"
"27045598","How to upload files from ReactJS to Express endpoint","3754","6"
"27343331","Deploy Nodejs on Heroku fails serving static files","1122","6"
"27413764","ExpressJs not loading CSS on certain routes","409","6"
"26800740","Mongoose group query in node.js / express route","6454","6"
"26811857","Express doen not load javascript to the client","594","6"
"26355049","model validation on server side in locomotivejs","80","6"
"28001065","Why is POST method sending form data twice to the server?","441","6"
"28019289","Filter body of a post request in node.js","457","6"
"28035116","How do you set and retrieve an instance of BookshelfJS using Express?","601","6"
"28749159","expressjs is not asynchronously processing my requests","75","6"
"28622467","Node.JS undefined is not a function on required module","5663","6"
"28668030","Use React and Express","3378","6"
"29328028","Node.js passing parameters to client via express render","14327","6"
"29053723","nodejs does not read JSON","85","6"
"30547289","Basic nodejs route resulting in 404","606","6"
"29999972","Node.js: use underscore along with ejs to render html","1033","6"
"29743395","Express js: How to download a file using POST request","3771","6"
"29662394","Difficulty sending cookies with fetch requests in JavaScript","6076","6"
"31738535","Why does javascript array with very high index numbers lead to crash / slow down / trouble?","106","6"
"32450446","How to show last 20 tweets with twitter api on express.js with node.js?","1587","6"
"32084571","Why is an object in an XMLHttpRequest sent to a Node/Express server empty?","2571","5"
"31893794","ForbiddenError: invalid csrf token, express js","4188","5"
"31452321","How to run sails in watch mode(during development)","108","5"
"31468409","express.js to GET json file in terminal","2984","5"
"31461358","Can I use 'res.sendFile' and 'res.json' together?","1760","5"
"31121296","Error running express with node","1320","5"
"31213301","Node.js React: Can't add property context, object is not extensible","6472","5"
"30568026","Express JS Router Middleware - Body Parser - req.body has hyphen","290","5"
"30440782","Webhooks with Contentful and node","975","5"
"30672500","What is HTTP Parameter Pollution attack in NodeJS/ExpressJs","170","5"
"30922680","Using Express' route paths to match `/` and `/index`","451","5"
"31106640","express.Router() vs. app.get","1727","5"
"29106620","Why do I get 'undefined is not a function'?","381","5"
"29212938","MongoDB collection.find() query hanging","88","5"
"29455120","How do I reference a js file from a node module in HTML?","2263","5"
"28966901","Mongoose connection automatically shared in Express.js application","1442","5"
"28749471","Mongoose Schema for geoJson coordinates","5100","5"
"28793098","Express and Typescript - Error.stack and Error.status properties do not exist","2615","5"
"27971489","Refresh specific page with Angular, Express and Jade (using html5mode)","1680","5"
"28096735","How do I access Passport's req.user variable in client side javascript?","2307","5"
"27785896","Use Multer in Express Route? (Using MEANJS)","21091","5"
"28326921","ng-repeat and string replace expression value","2343","5"
"26447635","How to pass data from EJS template to AngularJS controller","2487","5"
"27578484","Include a footer in a template file with express.js and lodash/underscore?","735","5"
"26982996","Trying to proxy an image in node-js/express","1058","5"
"35475205","NodeJS routes with or without file extensions","249","5"
"36281504","NodeJS Express. res.send() fails when assigned to another var","161","5"
"35996328","NodeJS express - Cannot GET route","823","5"
"36538996","Angular $http.get not passing parameters","264","5"
"37115234","Compressing files (gzip) in express js 4.4.1","120","5"
"37017277","Send an Email Using React.js + Express.js","2508","5"
"36680794","How to close HTTP connection in node.js using Express","553","5"
"36746275","NodeJS GET request not working with AngularJS","88","5"
"37980630","Node.js req.body is blank","144","5"
"42195707","Node Js express router not working","63","5"
"42205271","Node.js Express module exports","64","5"
"42407039","Javascript es6 - is it reassigning or a parameter?","33","5"
"40813621","nodejs express detects google chrome's addressbar autocompleter while typing","105","5"
"40946522","How to reload a required module at runtime?","175","5"
"39149991","No 'Access-Control-Allow-Origin' header with ExpressJS to local server","2509","5"
"38294730","Express.js POST req.body empty","1597","5"
"33108326","How to pass client-side parameters to the server-side in Angular/Node.js/Express","11304","5"
"33160697","Why doesn't io.emit() work in process.on()?","69","5"
"32767387","What happens if we pass a directory location to Node.js require function?","97","5"
"32715607","Passing arguments from middleware to express router","474","5"
"33553797","Error while using unzip with 12mb file size","348","5"
"33732509","express.js - how to intercept response.send() / response.json()","1819","5"
"33254497","How should I require or use the same module in multiple files for a single project?","214","5"
"33209898","How do I use Plupload with Node.js and show the percentages of upload?","470","5"
"34339358","ExpressJS restricting access to public files","255","5"
"34091195","Uploading a file with FormData and multer","3418","5"
"34254454","Setting up Express with Angular","504","5"
"34596123","asynchronous response into a loop in javascript NodeJS","882","5"
"35060045","Node.js/MongoDB: How can I use module.exports to pass a localhost database url to server.js file?","879","5"
"19398346","How to return a variable and at the same time reset/delete it","105","5"
"18379876","Sails.js - file upload","7349","5"
"18886197","Angular.js with Jade and Express - data binding not working","5467","5"
"16204951","How to use NodeJS + ExpressJS to pass an array to Jade for display?","7005","5"
"17622140","Async and recursion in nodejs","5676","5"
"17501424","Block public access to expressjs app","2245","5"
"17807825","RegEx in ExpressJS Route","1980","5"
"17781748","ExpressJS and Angular - 'leaving' the app to do server-side authentication","403","5"
"18006010","Original function is called instead of stub","1188","5"
"18126677","Node.js: socket.io close client connection","49129","5"
"18150531","Wait for asynchronous function to finish without adding callback","15243","5"
"20410153","NodeJS Callback Scoping Issue","178","5"