Post Link,Post Title,Post Views,Answer Score
"3608287","Error installing mysql2: Failed to build gem native extension","208610","823"
"19673714","Error installing libv8: ERROR: Failed to build gem native extension","60409","440"
"19828385","PG::ConnectionBad - could not connect to server: Connection refused","124793","375"
"13767725","Unable to install gem - Failed to build gem native extension - cannot load such file -- mkmf (LoadError)","95107","343"
"19150017","SSL Error When installing rubygems, Unable to pull data from 'https://rubygems.org/","111523","333"
"769496","Ubuntu noob rails install fails on zlib","63858","296"
"711418","How to prevent browser page caching in Rails","48263","287"
"10557507","rails + MySQL on OSX: Library not loaded: libmysqlclient.18.dylib","66474","282"
"18371318","Installing Bootstrap 3 on Rails App","91465","250"
"7082364","What does ""WARN Could not determine content-length of response body."" mean and how to I get rid of it?","68036","224"
"12520456","ExecJS::RuntimeError on Windows trying to follow rubytutorial","61634","221"
"2947190","Pushing app to heroku problem","34606","219"
"29317640","gem install rails fails on ubuntu","28757","218"
"19078044","Disable ActiveRecord for Rails 4","34554","218"
"25027284","ruby on rails console hanging when loading","9058","218"
"11354656","ERROR: Error installing capybara-webkit:","27351","210"
"9434002","how to solve ""ruby installation is missing psych"" error?","77783","190"
"4308094","All Ruby tests raising: undefined method `authenticate' for nil:NilClass","36319","188"
"399396","Can you get DB username, pw, database name in Rails?","40892","186"
"753919","Run a single migration file","84315","178"
"592554","Best way to create custom config options for my Rails app?","54569","177"
"28374401","NameError (uninitialized constant Paperclip::Storage::S3::AWS):","22663","174"
"6698207","delete_all vs destroy_all?","55261","161"
"12176102","What is the difference between pluck and collect in Rails?","28294","160"
"5200842","Where to define custom error types in Ruby and/or Rails?","29558","158"
"2661062","Why do I get an ""undefined method for `has_attached_file` when installing PaperClip?","28777","158"
"2797339","Rails :dependent => :destroy VS :dependent => :delete_all","74418","158"
"1203892","How can I find out the current route in Rails?","104971","157"
"5244887","EOFError: end of file reached issue with Net::HTTP","57318","155"
"23180650","How to solve error ""Missing `secret_key_base` for 'production' environment"" (Rails 4.1)","101216","154"
"9869870","How to get a single column's values into an array","51258","153"
"4316940","Create a devise user from Ruby console","58344","153"
"1208636","Rails :include vs. :joins","108467","152"
"6694432","Using Rails serialize to save hash to database","62920","152"
"4574318","How do I upgrade my ruby 1.9.2-p0 to the latest patch level using rvm?","46157","152"
"5872264","Correct MySQL configuration for Ruby on Rails Database.yml file","80781","150"
"185573","What is mattr_accessor in a Rails module?","26604","149"
"19105706","Rails 4 LIKE query - ActiveRecord adds quotes","73715","148"
"6166081","""Could not find bundler"" error","63389","147"
"1050047","How to run Rails console in the test environment and load test_helper.rb?","66833","146"
"5380671","Getting the warning ""Insecure world writable dir /home/chance "" in PATH, mode 040777 for rails and gem","52090","146"
"23686265","Saving enum from select in Rails 4.1","26017","145"
"23022258","TZInfo::DataSourceNotFound error starting Rails v4.1.0 server on Windows","30593","145"
"4678732","How to suppress Rails console/irb outputs","16312","144"
"1386871","Convert Time from one time zone to another in Rails","53960","144"
"2054217","Rounding float in Ruby","96382","142"
"11557759","Gem file with git remote failing on heroku push","9549","142"
"1063073","RSpec controller testing - blank response.body","19635","142"
"3484337","Rails: Logging the entire stack trace of an exception","45120","141"
"6104240","How do I strip non alphanumeric characters from a string and keep spaces?","39189","140"
"7772859","Rails 3. How to display two decimal places in edit form?","48321","140"
"151595","JRuby on Rails vs. Ruby on Rails, what's difference?","49161","140"
"7542976","Add timestamps to an existing table","47052","140"
"12552929","Failed to build gem native extension — Rails install","77159","140"
"6427548","Accessing a class' constant variables","34981","139"
"3278986","""Ago"" date/time functions in Ruby/Rails","52230","139"
"3343861","How do I check to see if my array includes an object?","111190","139"
"909673","How do I use gems with Ubuntu?","59191","138"
"4057015","Converting UTC timestamp to ISO 8601 in Ruby","36504","138"
"24003316","Guard with RSpec on Rails 4 giving a lot of warnings","11491","137"
"16736891","PG::Error: ERROR: new encoding (UTF8) is incompatible","24174","136"
"1073076","Rails /lib modules and","84626","136"
"109781","Uniq by object attribute in Ruby","31482","135"
"6122508","Connecting Rails 3.1 with Multiple Databases","42871","135"
"4049709","Save image from URL by paperclip","42472","135"
"5661466","Test if string is a number in Ruby on Rails","74622","135"
"7535737","Using --no-rdoc and --no-ri with bundler","25448","133"
"5427596","Rails Console: reload! not reflecting changes in model files? What could be possible reason?","40322","132"
"2569501","What Ruby and Rails Developers Ought To Know?","17933","131"
"6714196","Ruby url encoding string","104283","131"
"576799","How do I use ""gets"" on a rake task?","5409","130"
"4829909","How do I print out the contents of an object in Rails for easy debugging?","52370","127"
"6277456","Nokogiri installation fails -libxml2 is missing","72228","126"
"4998553","Rails: around_* callbacks","13794","126"
"4824829","Finding the session id in rails 3","30488","125"
"18864112","Installing the PostgreSQL gem with 'gem pq' fails with ERROR: Failed to build gem native extension","20253","124"
"8119970","String ""true"" and ""false"" to boolean","99716","123"
"8297624","How to check a checkbox in capybara?","57741","121"
"408872","Rails has_many :through Find by Extra Attributes in Join Model","30183","121"
"420352","How to get last N records with activerecord?","84044","121"
"200813","How do I force ActiveRecord to reload a class?","15100","120"
"4373128","How do I ""activate"" a different version of a particular gem?","28265","120"
"1589751","Determine ruby version from within Rails","23060","119"
"1397461","How to set a file upload programmatically using Paperclip","23390","118"
"6118779","How to change default timezone for Active Record in Rails?","59486","117"
"6490024","How I can get yesterday's date?","36229","116"
"421225","Why can't I install the SQLite gem?","49969","116"
"8595184","How to list all methods for an object in Ruby?","47040","115"
"2119064","'sudo gem install' or 'gem install' and gem locations","82422","115"
"19872271","Adding a custom seed file","15942","114"
"17868746","Rails 4 Unpermitted Parameters for Array","26801","114"
"1110411","Transform DateTime into simple Date in Ruby on Rails","64621","114"
"17759735","Regular expressions with validations in RoR 4","21824","113"
"3663075","Speeding up RSpec tests in a large Rails application","16119","113"
"13003626","Custom text for rails form_for label","35022","113"
"2692853","Ruby on Rails: How do you add add zeros in front of a number if it's under 10?","34597","112"
"5739158","Rails, Ruby, how to sort an Array?","63875","111"
"8196434","Rails DateTime.now without Time","58486","111"
"6881900","How to check if a number is included in a range (in one statement)?","33823","111"
"3585","Create a new Ruby on Rails application using MySQL instead of SQLite","112159","111"
"8639424","Role does not exist and unable to create database when using PostgreSQL","25820","110"
"4118055","Rails bundler doesn't install gems inside a group","13577","110"
"4238867","How do I use Active Support core extensions?","34662","109"
"2500462","How to extract URL parameters from a URL with Ruby or Rails?","76280","109"
"9428605","Find number of months between two Dates in Ruby on Rails","22401","108"
"9211813","Is there a way to access method arguments in Ruby?","28998","107"
"386115","To use self. or not.. in Rails","34381","107"
"991708","Rails, MySQL and Snow Leopard","63667","107"
"904314","Is there a print_r or var_dump equivalent in Ruby / Ruby on Rails?","50980","107"
"22970057","Check if not nil and not empty in Rails shortcut?","56264","107"
"1017210","Rails flash message remains for two page loads","11681","106"
"128450","Best Practices for reusing code between controllers in Ruby on Rails","22299","106"
"7507633","How to define action with simple form for?","51095","106"
"8082444","Find the extension of a filename in Ruby","52409","106"
"9279768","how do i loop over a hash of hashes in ruby","86042","106"
"2672744","Rails ActiveRecord: Find All Users Except Current User","34653","105"
"5922287","Rails 3: yield/content_for with some default value?","12133","105"
"6927442","What is the difference between Gemfile and Gemfile.lock in Ruby on Rails","36172","105"
"736253","Rails Time difference in hours","43371","105"
"4479233","Static pages in Ruby on Rails","28218","105"
"3245201","LEFT OUTER joins in Rails 3","59554","105"
"6648870","is not checked out... bundle install does NOT fix help!","33500","104"
"5083804","Rspec Output Format: Documentation","20292","104"
"1814736","Add image to layout in ruby on rails","100050","103"
"34651519","Error while installing Nokogiri (1.6.7) on El Capitan","11874","103"
"5140643","How to ""soft delete"" user with Devise","18758","102"
"12423658","How do I chain if statements in Jekyll?","24519","101"
"13812717","Shoulda/RSpec matchers - conditional validation","8831","101"
"4000713","Tell the end of a .each loop in ruby","33583","101"
"737475","How can I delete special characters?","36744","101"
"3808782","Rails - Best-Practice: How to create dependent has_one relations","28029","101"
"164896","Limitations in running Ruby/Rails on windows","32483","100"
"247110","Looking for suggestions for building a secure REST API within Ruby on Rails","19011","100"
"373089","Purpose of ""consider_all_requests_local"" in config/environments/development.rb?","17648","100"
"8087610","ruby-debug with Ruby 1.9.3?","36749","100"
"1179865","Why are all Rails helpers available to all views, all the time? Is there a way to disable this?","32934","99"
"25066699","rspec 3 - stub a class method","30556","99"
"489641","Using helpers in model: how do I include helper dependencies?","67813","99"
"7263564","unable to obtain stable firefox connection in 60 seconds (127.0.0.1:7055)","31463","99"
"7868067","Validate attribute only if it present (only if user fill in it)","19388","99"
"11235318","Programmatically get the number of jobs in a Resque queue","13961","99"
"2588241","Rails sessions current practices","39988","98"
"5654517","In Ruby on Rails, to extend the String class, where should the code be put in?","20369","98"
"5519741","How can I know when to ""refresh"" my model object in Rails?","26659","98"
"1278510","Sort array returned by ActiveRecord by date (or any other column)","39498","98"
"2851915","Rails each loop insert tag every 6 items?","15300","97"
"7905114","rails bundle clean","80883","97"
"3027149","How do I create multiple submit buttons for the same form in Rails?","28617","97"
"602147","JavaScript file per view in Rails","34452","96"
"2896485","no such file to load -- rubygems (LoadError)","147580","96"
"12374645","Splitting an array into equal parts in ruby","27394","96"
"2353742","url encode equivalent in ruby on rails","49591","96"
"7981351","Rails validation required numericality even though presence is not set to true","21950","95"
"874634","Create an ActiveRecord database table with no :id column?","15160","95"
"3333424","How to know whether a model is new or not?","15754","94"
"3677753","How to display the current date in ""mm/dd/yyyy"" format in Rails","52832","94"
"3754662","Errors Installing mysql2 gem via the Bundler","39350","94"
"21560297","Capistrano SSH::AuthenticationFailed, not prompting for password","30764","93"
"1226302","How to monitor delayed_job with monit","29558","93"
"1178587","How do I test a file upload in rails?","33283","93"
"1357639","Rails Rake: How to pass in arguments to a task with :environment","66210","93"
"8906527","Can we call a Controller's method from a view (as we call from helper ideally)?","38984","93"
"24176446","Rspec/Capybara loading in progress, circular require considered harmful","8336","93"
"2503838","Rails: Should partials be aware of instance variables?","17158","93"
"5985761","How to call ApplicationController methods from ApplicationHelper","24128","92"
"5622435","How do I convert a Ruby class name to a underscore-delimited symbol?","27132","92"
"6070957","convert string to specific datetime format?","66022","92"
"3599239","Ruby String to Date Conversion","57364","91"
"3127644","Block comments in html.erb templates in rails","67537","90"
"8650983","Rails: Update model attribute without invoking callbacks","27259","90"
"5246767","STI, one controller","13904","90"
"9604585","find() with nil when there are no records","18362","90"
"4861863","How to get parent node in Capybara?","17949","89"
"6063347","Best Practice: Try vs Rescue","33454","89"
"6391855","Rails.cache error in Rails 3.1 - TypeError: can't dump hash with default proc","12951","89"
"4441882","Validating min and max length of a string but allowing it to be blank","49714","89"
"7689097","Ruby on Rails: How can i edit database.yml for postgresql?","44055","88"
"3462754","Rails Object Relationships and JSON Rendering","19025","88"
"13888381","Ruby on Rails error ""cannot load such file -- less""","33997","88"
"7167895","Rails: What's a good way to validate links (URLs)?","50221","88"
"1317448","How to create a delete link for a related object in Ruby on Rails?","32157","87"
"5300493","Convert UTC to local time in Rails 3","73997","87"
"8552763","Best way to highlight current page in Rails 3? -- apply a css class to links conditionally","16362","87"
"6715468","attr_accessor default values","27988","86"
"761123","What is the best way to seed a database in Rails?","88341","86"
"15169894","What does rake db:test:prepare actually do?","41514","85"
"4435826","Rails Paperclip how to delete attachment?","37425","85"
"4720135","Rspec: testing assignment of instance variable","26011","85"
"296747","What is the meaning of ""h"" in ""<%=h [ ...] %>""?","16550","85"
"5612625","How to flatten an array of arrays - but not all the way down","19951","85"
"1490138","Reading the first line of a file in Ruby","26697","85"
"19765290","ERROR: Failed to build gem native extension - Error installing mysql2","18769","84"
"778385","Rails POST, PUT, GET","75017","84"
"1015739","How can we watch the Rails development log?","40874","84"
"1582728","Forking a gem for a Rails project","7383","83"
"22255476","Rails formatting date","45269","83"
"8090644","Suitability of Rails, Padrino, and Sinatra for building a prepaid mobile service","8951","82"
"4870531","Find the newest record in Rails 3","27055","82"
"4495078","Protected and private methods in Rails","63661","82"
"7378069","Rails: How to downcase non-English string?","9999","82"
"3484249","In a rails migration, how can you remove the limit of a field","23621","82"
"2929356","Is it right to assign multiple variables like this a = b = c = d = 5?","12890","81"
"4444523","How do I set a blank value for an f.select form field","32377","81"
"4916557","How can I send mail with rails without a template?","12418","81"
"20403063","Trouble comparing time with RSpec","18679","81"
"5659850","Is there a way to bypass mass assignment protection?","6914","81"
"7444522","Is it possible to define a 'before_save' callback in a module?","11367","80"
"542856","How do I set HTTP_REFERER when testing in Rails?","26129","80"
"133357","How do you find the namespace/module name programmatically in Ruby on Rails?","31101","79"
"11013755","rails assets pipeline ""Cannot allocate memory - nodejs""","10440","79"
"7788946","Rails keeps telling me that it's not currently installed","39594","79"
"3312054","Manually Retry Job in Delayed_job","20240","79"
"3695839","Ruby on Rails: alias_method_chain, what exactly does it do?","13260","79"
"6019583","Setting up the logger in rails 3","23537","79"
"11856407","Rails mapping array of hashes onto single hash","18117","79"
"8176238","How to print out a random number between a range?","31892","79"
"1186400","How to set default values in Rails?","76762","79"
"1643875","How to use ActiveRecord in a ruby script outside Rails?","16810","78"
"10256390","Ruby rails - select only few columns from the data base","38976","78"
"3791096","Devise logged in root route rails 3","13214","78"
"21262309","RSpec: how to test if a method was called?","46140","78"
"7298088","def block in rake task","16867","78"
"8556817","Uncompile Development Asset Pipeline","13517","77"
"2955830","Checking to see if a string is a valid date. Ruby on Rails","49606","77"
"3024010","create_or_update method in rails","27877","77"
"3884829","Ruby: How to group a Ruby array?","39137","77"
"6936203","Add minutes to Time object","38095","77"
"5296290","NOTICES for sequence after running migration in rails on postgresql Application","5221","77"
"27627286","can't connect localhost:3000 ruby on rails in vagrant","13698","77"
"5660605","Disable RVM or use Ruby which was installed without RVM?","9103","77"
"14072880","What is the use of Gemfile in rails?","27545","76"
"3951514","Why is rake db:migrate:reset not listed in rake -T?","18997","76"
"8026300","Check for multiple items in array using .include? -- Ruby Beginner","25340","76"
"3170638","How does load differ from require in Ruby?","16127","76"
"6476832","Rails - How do I check developer mode or production mode in code","12638","76"
"19037733","Why does my rails rollback when I try to user.save?","24461","76"
"884512","How to cap and round number in ruby","33300","76"
"3022163","how do I get name of the month in ruby on Rails?","27529","75"
"3339883","To change directory inside a ruby script?","40887","74"
"11354768","An error occurred while installing debugger-linecache (1.1.1), and Bundler cannot continue","10754","74"
"300705","Variables in ruby method names","20777","74"
"1255983","Ruby datetime suitable for mysql comparison","19245","74"
"5641747","Rails how to run rake task","72110","74"
"5507026","before_filter with parameters","34965","74"
"19666226","Warning with fog and AWS: unable to load the 'unf' gem","10208","74"
"5861532","If I have a hash in Ruby on Rails, is there a way to make it indifferent access?","17307","73"
"14174044","Uploading a file in Rails","49110","73"
"13963404","Rails and OS X: How to install rmagick?","24088","73"
"4492557","Convert Ruby Date to Integer","39807","73"
"705729","How do I create a ruby Hello world?","56562","73"
"692921","How to HTML encode/escape a string? Is there a built-in?","108910","72"
"758774","Capistrano & Bash: ignore command exit status","19479","72"
"36608","How can I count the number of records that have a unique value in a particular field in ROR?","53334","72"
"623051","Radio buttons on Rails","67445","72"
"3197412","rails - Finding intersections between multiple arrays","16467","72"
"3690121","Rails 3. Creating a production database","25418","72"
"9710303","Rails optional argument","41212","72"
"6006360","How to make Rails 3.1 use SASS (Over SCSS) as the default?","16073","72"
"5411551","What the difference between mysql and mysql2 gem","26101","72"
"11918586","rails and backbone working together","6351","72"
"2399556","Getting types of the attributes in an ActiveRecord object","24245","71"
"7078107","File upload with Activeadmin Rails using paperclip","26721","71"
"6244052","Empty attribute with Ruby HAML","9242","71"
"2977234","Resize existing images to new style in paperclip & RMagick","12504","71"
"2983687","How to do case-insensitive order in Rails with postgresql","13944","71"
"24595203","RSpec any_instance deprecation: how to fix it?","7807","71"
"6602897","Is there a Rails Console command (Rails 3+) to reload changed code?","10469","71"
"4592235","Rails: How to make Date strftime aware of the default locale?","23121","71"
"814739","What's this &block in Ruby? And how does it get passed in a method here?","29050","70"
"302789","Can I define_method in rails models?","15074","70"
"13545148","rails respond_to format.js API","44212","70"
"1476678","Rails: named_scope, lambda and blocks","19015","70"
"15834911","How do I reset my sidekiq counters?","10292","70"
"2461503","rails - Redirecting console output to a file","30151","70"
"5535981","Difference between rails send_data and send_file, with example","35887","70"
"27611947","Devise raises error with Rails 4.2 upgrade","6927","69"
"4271947","How to use Bundler with offline .gem file?","23031","69"
"3827011","Devise Custom Routes and Login Pages","43822","69"
"13216092","How to sort a hash by value in descending order and output a hash in ruby?","25916","69"
"8592921","How to return HTTP 204 in a Rails controller","14642","69"
"8484133","Difference between an it block and a specify block in RSpec","11840","69"
"7795809","Class alias in Ruby","10147","69"
"11058952","Why do I get an error installing the JSON gem in Ubuntu?","22219","69"
"19154461","ruby on rails how to deal with NaN","14042","68"
"985596","redirect_to using POST in rails","36059","68"
"3518365","Rails: find out if an IP is within a range of IPs","7755","68"
"8306430","Devise password reset from Rails console","36596","68"
"12319832","ruby on rails find_or_initialize","21384","68"
"24819381","application.js can't find jquery.ui.effect-blind","5627","68"
"2632138","Execute a Rake task from within migration?","12258","67"
"15480381","How do I install sqlite3 for Ruby on Windows?","35890","67"
"3517989","Ruby on Rails: How do you explicitly define plural names and singular names in Rails?","10347","67"
"3765834","Can't convert fixnum to string during rake db:create","17378","67"
"6322524","How do you view a sample of the call stack in ruby?","12374","67"
"6074831","How to access URL helper from rails module","19293","67"
"8755193","Ruby/Rails - Get the last two values in an array","17154","67"
"4407862","'-%>' (minus sign) at the end of a ERb sequence","6434","67"
"26560725","bundler/setup (LoadError)","26734","67"
"331394","Can I set up Cascade deleting in Rails?","30382","66"
"433860","Rails: how do you access RESTful helpers?","16044","66"
"1160741","How to save a base64 string as an image using ruby","23459","66"
"831077","How do I pass multiple arguments to a ruby method as an array?","66379","66"
"3001243","Ruby, Rails: mysql2 gem, does somebody use this gem? Is it stable?","20890","66"
"8000145","Ruby, RVM, LLVM and MySQL","13775","66"
"1693818","# TODO in rails","7710","66"
"9143371","How do I sort in ruby/rails on two fields?","17847","66"
"17384289","Unpermitted Parameters adding new fields to Devise in rails 4.0","32015","66"
"12559142","Using question mark character in Rails/ActiveRecord column name","6652","66"
"2633130","Limiting characters/words in view - ruby on rails","20074","65"
"23437830","Undefined Method attr_accessible","37193","65"
"25274125","(JSON::ParserError) ""{N}: unexpected token at 'alihack<%eval request(\""alihack.com\"")%>","13485","65"
"632742","How can I avoid running ActiveRecord callbacks?","73721","65"
"7491290","How to time expire Rails fragment caches?","8247","64"
"13702417","PostgreSQL gem pg was unable to install","15934","64"
"29636334","A copy of xxx has been removed from the module tree but is still active","12074","64"
"3916931","Rails 3 invalid multibyte char (US-ASCII)","20432","64"
"4389395","How do I get a Date from a week number?","9852","64"
"1895092","unit test in rails - model with paperclip","11217","63"
"23749247","When trying to generate a model with Rails and PostgreSQL, the command hangs without error","3305","63"
"5418454","How to get request's target controller and action with Rails 3?","21540","63"
"16264981","Rails dot instead of slash in URL","6687","63"
"18948017","Best way to handle data attributes in Slim","15153","63"
"18840020","An error occurred while installing mysql2 (0.3.11)","11970","63"
"7909596","How can I handle errors with HTTParty?","19792","63"
"7976358","ActiveRecord Arel OR condition","25272","63"
"1017509","Simple cropping with Paperclip","23552","62"
"10858582","HTML code inside buttons with simple_form","17651","62"
"7461985","How to seed the production database using the Capistrano gem?","26610","62"
"8619754","""Whenever"" gem running cron jobs on Heroku","13112","62"
"8502397","Ruby syntax: break out from 'each.. do..' block","48938","62"
"28999906","'require': cannot load such file -- 'nokogiri\nokogiri' (LoadError) when running `rails server`","37675","62"
"21435768","Rails Console find users by array of ids","29324","62"
"5514142","How to compare content of two arrays?","22043","62"
"5213956","What does `:location => ...` and `head :ok` mean in the 'respond_to' format statement?","15746","62"
"28243043","Cannot start rails 4 console on production server","6275","62"
"7136936","How can I group this array of hashes?","20730","62"
"1195962","Submitting POST data from the controller in rails to another website","50594","61"
"17375947","Parsing string to add to URL-encoded URL","34298","61"
"4917827","Date range in an array, ruby","18978","61"
"5519380","Build hash from collection of ActiveRecord Models","19582","61"
"5265943","request.fullpath with no parameters","20344","61"
"2979327","Rails Variable across all controller actions","18730","61"
"15079090","How do I find out which gem has a specific dependency?","15057","61"
"4696229",":as in rails routes.rb","15581","61"
"11313613","How to convert an array of strings into a comma separated string?","53214","61"
"4621877","Is it a bad idea do divide the models into directories?","5056","60"
"861448","Is there a way to avoid automatically updating Rails timestamp fields?","22165","60"
"918011","How do I target a specific commit SHA with capistrano deploy","11855","60"
"87561","What is your preferred way to produce charts in a Ruby on Rails web application?","21043","60"
"22815542","rails4 unknown encoding name - CP720","8089","60"
"13767240","Ruby: How to make a public static method?","33718","60"
"6318959","Rails, How to render a view/partial in a model","30549","60"
"3411526","Parse issues when trying to use ""Examples"" section in Cucumber feature","6074","60"
"5576550","In Rails, how to get current url (but no paths)","22194","60"
"5372464","Ruby 1.87 vs 1.92 Date.parse","21658","60"
"1524154","Naming Boolean columns in Rails","5179","60"
"2088280","In Rails, how do you render JSON using a view?","119760","60"
"15491789","Rails Activeadmin - custom association select box","17828","60"
"4065356","Ruby / Rails - .each Iterator is printing entire array at the end of the loop","10643","60"
"3989438","Sinatra vs. Rails","20406","59"
"15864554","Check if user is active before allowing user to sign in with devise (rails)","8224","59"
"10061373","Rails before_filter for specific actions in controller","22128","59"
"7316656","how to get query string from passed url in ruby on rails","41936","59"
"14631910","Logging in delayed_job?","16649","59"
"7895253","Rails 100% newb issue - send() method","25184","58"
"8737111","sort_by with Boolean in Rails","6818","58"
"8774837","What would a default getter and setter look like in rails?","20039","58"
"21161640","Access translation file (i18n) from inside rails model","7191","58"
"1223481","Adding a directory to the load path in Rails?","38023","58"
"1376592","what is ruby used for BESIDES rails?","27068","58"
"8958904","Ruby gem naming conventions","4936","58"
"5331014","Check if given string is an URL","12495","58"
"20368972","Rails generate has_many association","19370","58"
"27435841","Windows 7 64-bit: Could not find a valid gem 'compass' (>= 0), here is why: Unable to download data from https://rubygems.org/","12515","58"
"2778093","rails convert string to number","60790","58"
"1739905","How do I convert a Ruby hash to XML?","22346","57"
"3937431","How to search an array in Ruby?","33006","57"
"7098732","How to add a delay to Rails controller for testing?","20531","57"
"9946502","How to test rendering a partial with RSpec","15905","57"
"7908598","Add http(s) to URL if it's not there?","13239","57"
"19200734","How to convert array of ActiveRecord models to CSV?","11735","57"
"296952","How show hide image in paperclip when no image present","15831","57"
"604870","Can I do STI and still use polymorphic path helpers?","4344","57"
"14374580","Doing a Http basic authentication in rails","14965","56"
"11376746","How can I check if an object with specific property exists in a Ruby array","18134","56"
"849897","Can Rails Migrations be used to convert data?","12576","56"
"1027871","Rails: An elegant way to display a message when there are no elements in database","14146","56"
"1155218","What exactly is a ""role"" in Capistrano?","21927","56"
"3689736","Rails 3: alias_method_chain still used?","13079","56"
"13284277","Stop rails console from printing out the object at the end of a loop","12314","56"
"6418710","Replacing the 'auto_link' method in Ruby on Rails 3.1","10994","56"
"2913566","How do I convert a string to a class method? ","15373","56"
"4007171","How do I use RVM and create globally available gems?","26586","56"
"4320759","Why does Ruby ""script/generate"" return ""No such file or directory""?","19091","56"
"4201812","Install a specific Ruby on Rails version on Windows","18544","56"
"1188893","Is there a way in Ruby/Rails to execute code that is in a string?","23741","56"
"8858706","Bundler could not find compatible versions for gem, updating Rails app","20260","56"
"2680016","Ruby on Rails: how to get error messages from a child resource displayed?","13285","56"
"2409638","fields_for form builder object is nil","5231","56"
"9456394","RubyMine - Turning off ability to click in middle of ""empty"" lines","2278","56"
"24927653","How to elegantly symbolize_keys for a 'nested' hash","11091","56"
"9608069","Modern tools for Ruby/Rails for building an achievement system","3767","55"
"5954690","Strange ActiveRecord::AssociationTypeMismatch","9853","55"
"4984604","Get server file path with Paperclip","16592","55"
"5013880","Ruby: Compare 2 arrays for matches, and count the number of match instances","19766","55"
"19759906","Rails app: Solr throwing RSolr::Error::Http - 404 Not Found when executing search","13120","55"
"4175733","Convert duration to hours:minutes:seconds (or similar) in Rails 3 or Ruby","57696","55"
"3191448","Limit each do loop","31619","55"
"13320851","Custom css with kaminari with bootstrap","11410","55"
"591503","I have a Rails task: should I use script/runner or rake?","29987","55"
"523164","rails if object.nil? then magic '' in views?","24521","54"
"4683844","Ruby: How do I pass all parameters and blocks recieved by one method to another?","7641","54"
"19569031","ERROR: Failed to build gem native extension on Mavericks","47609","54"
"6065015","Undefined method `name' for ""SystemTimer"":String","6569","54"
"7061575","Rails 3.1 Pipeline - Exclude Javascript File","13679","54"
"8380113","Ruby/Rails CSV parsing, invalid byte sequence in UTF-8","17883","54"
"2242042","Array Merge (Union)","44583","54"
"5144527","Nested models and parent validation","12156","54"
"17445994","Rails 4.0 expire_fragment/cache expiration not working","4445","54"
"2439170","Ruby and Ruby on Rails offline API documentation","17259","54"
"2689377","Silencing Deprecation warnings in Rails 3","10638","53"
"2683857","How to generate a random date and time between two dates?","8540","53"
"2799641","using htaccess password protection on rails?","6708","53"
"5733091","Listing the names of associated models","4665","53"
"15858887","How can I use unicorn as ""rails s""?","19155","53"
"13613223","Where to put Ruby helper methods for Rails controllers?","30885","53"
"10022178","INSERT multiple records using ruby on rails active record","21832","53"
"7730605","Rails lists have .first and .second – is there a .hundredth or .sixty_nineth ?","13486","53"
"14961691","Write to rails console","70456","53"
"1034586","Is alias_method_chain synonymous with alias_method?","8902","52"
"7270087","Outputting errors in a rescue (Ruby/Rails)","20723","52"
"7462661","Sprockets::CircularDependencyError in Store#index","10405","52"
"7548730","Cron job not working in Whenever gem","13229","52"
"9781456","Cucumber-rails required outside of env.rb. The rest of loading is being defered until env.rb is called","5495","52"
"9057475","rake db:create - Could not find a JavaScript runtime","20459","52"
"2836781","How Do I Loop Through a Date Range in Reverse?","12186","52"
"5003039","How to set custom user-agent for Mechanize in Rails","13049","52"
"11531061","How do you sort an array alphabetically using sort_by in ruby?","30092","52"
"11525350","""Uninitialized constant"" error when including a module","24899","52"
"20188047","Rails: respond_to JSON and HTML","42112","52"
"20477854","Carrierwave, MiniMagick - NoMethodError: undefined method `size' for nil:NilClass","9182","51"
"1448864","Array.join(""\n"") not the way to join with a newline?","32571","51"
"1523050","Rails' ActiveRecord serialize :attr method gives ""Missing Class or module error""","2864","51"
"1547074","Calling base class method from overloaded method in sub-class","15560","51"
"24148723","undefined method 'devise' for User","22971","51"
"13937670","Rails route to only index","14395","51"
"3957730","How can I uninstall Ruby on ubuntu?","88166","51"
"10276340","ide sublime2 how to find method definition","32732","51"
"25998437","Why is respond_with being removed from rails 4.2 into it's own gem?","12360","51"
"29578142","How to install json gem - Failed to build gem native extension(mac 10.10)","20006","51"
"597328","How do I validate a date in rails?","76686","51"
"4601652","Ruby array creation, Array.new vs []","18382","51"
"7857019","Rails: Remove element from array of hashes","21598","50"
"3865515","strange inability to require config/boot after upgrading to ruby 1.9.2","25021","50"
"8682076","Change html form id generated by form_for rails 3.1","25315","50"
"3269578","Capistrano asks for password when deploying, despite SSH keys","32537","50"
"6514950","Rails Routing (root :to => ...)","42467","50"
"13145988","Will UUID as primary key in PostgreSQL give bad index performance?","11671","50"
"4052906","how to display content with raw html","26437","50"
"7079222","How to set ""dynamically"" variable values?","14205","50"
"1680627","ActiveRecord.find(array_of_ids), preserving order","30731","50"
"1253426","What is the difference between build and new on Rails?","10098","50"
"4912619","AASM: Transitions from any state?","3613","50"
"4922700","Ruby 1.9.2 and Rails 3 cannot open rails console","22274","50"
"4894198","How to generate a random date in Ruby?","13973","50"
"5155995","What is '$:.unshift File.dirname(__FILE__)' doing?","7947","50"
"2890761","Rails: Overriding ActiveRecord association method","14456","50"
"12378542","NameError: uninitialized constant Factory","10836","49"
"12452073","Trying to set up postgres for ror app, getting error -  fe_sendauth: no password supplied","43843","49"
"11672072","ElasticSearch & Tire: Using Mapping and to_indexed_json","5170","49"
"11904105","Devise and Strong Parameters","14869","49"
"2146040","Rails: How do I write tests for a ruby module?","14807","49"
"3926190","remove whitespace from each array item rails","18333","49"
"4195880","Dynamic routes with Rails 3","9854","49"
"18575235","What do multi-processes VS multi-threaded servers most benefit from?","5213","49"
"3797040","create custom html helpers in ruby on rails","18405","49"
"3632024","Why do Ruby's regular expressions use \A and \z instead of ^ and $?","6493","49"
"21835116","How can I overwrite a getter method in an ActiveRecord model?","22337","49"
"4599226","Rails 3 with Devise for Authentication - How do I manually create a user?","11289","49"
"19215590","Why can't I install any gems on my Mac?","5815","49"
"349743","Welcome/home page in Ruby on Rails - best practice","44309","49"
"22464011","Mysql2::Error: Incorrect string value","15118","49"
"26097563","jbuilder vs rails-api/active_model_serializers for JSON handling in Rails 4","7227","49"
"26553696","bcrypt LoadError: Cannot load such file","13512","48"
"225471","How do I replace accented Latin characters in Ruby?","33017","48"
"7292395","How to match accented characters with a regex?","27625","48"
"19363077","bundle install doesn't work from capistrano","20538","48"
"15129355","ruby 2.0 rails gem install error ""cannot load such file -- openssl""","45227","48"
"3638250","How to cancel scheduled job with delayed_job in Rails?","15318","48"
"9712916","How to setup Devise sender name for email?","5949","48"
"6674230","How would you parse a url in Ruby to get the main domain?","25640","48"
"6553392","Deleting files in ruby","47101","48"
"6927907","Ruby: problem installing EventMachine under Windows 7","12159","48"
"8252783","Passing error messages through flash","20120","48"
"5591509","Suppress Ruby warnings when running specs","23299","48"
"5785503","Change error field name in Rails","6212","48"
"20533925","Why is attr_accessor necessary in Rails?","15519","48"
"9362799","How can I get Rspec to run all tests nested under a folder?","13505","48"
"2793098","usage of attr_accessor in Rails","41143","47"
"9265213","Should I specify exact versions in my Gemfile?","21119","47"