question-id,framework,subcategory,solution
19875789,django,framework configuration,Django gives Bad Request (400) when DEBUG = False
20321673,django,framework configuration,Debugging Apache/Django/WSGI Bad Request (400) Error
32445953,django,framework configuration,"Django app works fine, but getting a TEMPLATE_* warning message"
19128540,django,framework configuration,Django: ImproperlyConfigured: The SECRET_KEY setting must not be empty
5244887,rails,framework configuration,Note the additional http.use_ssl = true
373089,rails,framework configuration,config.action_controller.consider_all_requests_local = true
1179865,rails,framework configuration,config.action_controller.include_all_helpers = false
2689377,rails,framework configuration,ActiveSupport::Deprecation.silenced = true
9781456,rails,framework configuration,you need to add :require => false after gem 'cucumber-rails'
8015361,express,framework configuration,"app.use(express.errorHandler({showStack: true, dumpExceptions: true}));"
18532353,laravel,framework configuration,'pretend' => false
39301589,laravel,framework configuration,set 'strict' => false
31489626,laravel,framework configuration,APP_ENV=local and APP_DEBUG=true
24424607,laravel,framework configuration,'expire_on_close' => false
28719966,laravel,framework configuration,APP_DEBUG=true
X,meteor,X,X
22383458,flask,framework configuration,app.run(debug=True)
14112336,flask,framework configuration,set force to True
32722143,flask,framework configuration,app.run(debug=True)
15603240,flask,framework configuration,"SERVER_NAME=""dev.app.com"" and DEBUG=true"
31264826,flask,framework configuration,app.use_reloader=False
14672753,flask,framework configuration,app.run(threaded=True)
8950674,flask,framework configuration,DEBUG = True
12591760,flask,framework configuration,app.run(threaded=True)
,,,
,,,
total,23,,
