Post Link,Post Title,Post Views,Answer Score,Category,Subcategory,Comment,Constraint,
7023052,Flask - configure dev server to be visible across the network,73742,271,configuration,framework configuration,,run() => host=0.0.0.0,
3683108,Flask error： werkzeug.routing.BuildError,28377,104,configuration,framework configuration,,redirect(url_for(z)) => z = function,
11783875,ImportError: No Module Named bs4 (BeautifulSoup),82634,102,configuration,environment,pip install BeautifulSoup4,,
22252397,ImportError: No module named MySQLdb,86291,81,configuration,environment,pip install pymysql,,
12591760,Flask broken pipe with requests,16994,71,configuration,framework configuration,,run() => threaded=True,
11150343,Slow Requests on Local Flask Server,13841,56,configuration,environment,,,
22383458,How to obtain values of parameters of get request in flask?,25453,56,configuration,framework configuration,app.run(debug=True),QueryString => import requests,
9449101,How to stop Flask from initialising twice in Debug Mode?,9754,54,configuration,environment,,run(debug=True) => use_reloader=False,
29433824,"Unable to ""import matplotlib.pyplot as plt"" in virtualenv",11844,52,configuration,environment,If you already installed matplotlib using pip on your virtual environment,,
11017466,flask return image created from database,18216,50,how-to,framework api,,,
8007176,500 Error without anything in the apache logs,12241,48,configuration,framework api,,mod_wsgi => stream=sys.stderr,
4239825,"Static files in Flask - robot.txt, sitemap.xml (mod_wsgi)",29993,46,configuration,framework configuration,,mod_wsgi => static_url_path,
16586180,TypeError: ObjectId('') is not JSON serializable,26059,45,how-to,framework api,,,
28579142,AttributeError: 'Context' object has no attribute 'wrap_socket',9512,41,configuration,dependencies versioning,,,
24808660,Sending a form array to Flask,8219,41,how-to,framework api,,,
18967441,Add a prefix to all Flask routes,16712,39,configuration,framework api,,,
14412677,Using sass with Flask and jinja2,7347,39,configuration,framework configuration,,,
8950674,Debugging a Flask app running in Gunicorn,30931,38,configuration,framework configuration,,,
12551526,Retrieving specific POST data in Flask,43948,37,how-to,framework api,,,
20015550,Read file data without saving it in Flask,18254,37,how-to,framework api,,,
20715238,Flask RESTful API multiple and complex endpoints,11185,37,how-to,framework api,,,
15473626,Make a POST request while redirecting in flask,12730,37,how-to,framework api,,,
18059937,Flask app raises a 500 error with no exception,21171,36,configuration,framework configuration,,,
21294889,how to get access to error message from abort command when using custom error handler,8708,35,how-to,framework api,,,
12502646,Access Multiselect Form Field in Flask,8177,35,how-to,framework api,,,
9647586,Getting a request parameter in Jinja2,15281,35,how-to,others,,,
14908864,how can I use data posted from ajax in flask?,28444,35,how-to,framework api,,,
14711552,External javascript file is not getting added when runs on flask,14555,35,configuration,framework configuration,,,
24097129,"""The C extension could not be compiled' error. - while installing Flask",8647,35,configuration,environment,,,
14367991,flask before request - add exception for specific route,18059,34,configuration,framework configuration,,,
14026704,How do I get the url parameter in a Flask view,15580,34,how-to,framework api,,,
11817182,Uploading multiple files with Flask,13003,34,how-to,framework api,,,
12078571,Jinja Templates - Format a float as comma-separated currency,12744,34,how-to,others,,,
12593421,"SqlAlchemy and Flask, how to query many-to-many relationship",10918,34,how-to,framework api,,,
7143235,How to use avg and sum in SQLAlchemy query,14613,34,how-to,others,,,
17743019,Flask logging - Cannot get it to write to a file,19145,34,how-to,framework api,,,
18600031,Changing the active class of a link with the twitter bootstrap css in python/flask,6981,34,how-to,framework api,,,
14112336,Flask request and application/json content type,34018,33,configuration,framework configuration,You can use request.get_json() and set force to True,,
13386681,Streaming data with Python and Flask,17842,33,how-to,framework api,,,
15117416,Capture arbitrary path in Flask route,9676,33,how-to,framework api,,,
32909851,Flask: 'session' vs. 'g'?,2982,33,how-to,framework api,,,
14188451,Get multiple request params of the same name,9823,32,how-to,framework api,,,
19568950,Return a requests.Response object from Flask,11026,32,how-to,framework api,,,
5072166,How do I deploy a Flask application in IIS?,11864,32,configuration,environment,Install the IIS FastCGI extension with fcgisetup 1.5.,,
11556958,Sending data from HTML form to a Python script in Flask,51891,31,how-to,framework api,,,
13163990,Why use Tornado and Flask together?,19448,31,how-to,others,,,
6471549,"Avoiding ""MySQL server has gone away"" on infrequently used Python / Flask server with SQLAlchemy",10652,31,configuration,framework api,,,
19277280,Preserving global state in a flask application,13158,31,how-to,others,,,
17917254,How to install Flask on Windows?,35024,31,configuration,environment,pip install flask,,
14825787,Flask: How to read a file in application root?,16906,31,configuration,framework configuration,I suggest making a settings.py the same level as views.py.,,
14384739,How can I add a background thread to flask?,30400,31,how-to,framework api,,,
16994174,In Flask: How to access app Logger within Blueprint,3467,31,how-to,framework api,,,
23205577,python flask ImmutableMultiDict,15434,31,how-to,framework api,,,
15562446,How to stop flask application without using ctrl-c,19073,30,how-to,framework api,,,
28795561,Support multiple API versions in flask,4165,30,how-to,framework api,,,
17768940,Target database is not up to date,10002,30,how-to,database,,,
18361151,Using flask_login session with jinja2 templates,5270,30,how-to,framework api,,,
20171169,Why is my Flask app being detected as node.js on Heroku,1329,30,configuration,framework configuration,,,
9499286,Using Google OAuth2 with Flask,22595,30,configuration,environment,add your specific authentication information from Google into your app's configuration.,,
12871153,Managing parameters of URL (Python Flask),35998,29,how-to,framework api,,,
12175128,Search document in MongoDB by _id using Flask-pymongo extension,7338,29,how-to,database,,,
12272418,"In Flask, set a cookie and then re-direct user",8817,29,how-to,framework api,,,
10763139,Is there a way to hide the csrf label while looping through form using Flask and Flask-WTForms?,3417,29,how-to,framework api,,,
21050320,Flask 301 Response,4343,29,configuration,framework configuration,,,
18139910,Using session in flask app,24023,29,configuration,framework configuration,"Set secret key. And you should return string, not int.",,
17057191,Flask: redirect while passing arguments?,24815,29,how-to,framework api,,,
14023664,Flask URL Route: Route Several URLs to the same function,6391,29,how-to,framework api,,,
32550487,How to print from Flask @app.route to python console,13191,29,how-to,display,,,
30323224,Deploying a minimal flask app in docker - server connection issues,3133,28,configuration,framework configuration,You should be binding to 0.0.0.0 if you want the container to be accessible from outside.,,
30554702,"Can't connect to Flask web service, connection refused",6691,28,configuration,framework configuration,app.run(host='0.0.0.0'),,
18297041,I'm not able to import Flask-WTF TextField and BooleanField,10896,28,configuration,missing file,you need to import fields from wtforms.,,
18947876,Using python multiprocessing Pool in the terminal and in code modules for Django or Flask,7296,28,how-to,others,,,
7996075,Iterate through checkboxes in Flask,8528,28,how-to,framework api,,,
12096522,How to return multiple values in render_template in Flask,24184,28,how-to,framework api,,,
10961378,How to generate an html directory list using Python,6516,28,how-to,language,,,
25518093,PyCharm resolving - flask.ext.sqlalchemy vs flask_sqlalchemy,4809,28,how-to,others,,,
12023864,"Bad Request Error with flask, python, HTML, unusual initialization behavior with flask.request.form",10921,27,how-to,framework api,,,
7940085,Getting the array as GET query parameters in Python,35587,27,how-to,language,,,
5973553,SQLAlchemy ordering by count on a many to many relationship,5739,27,how-to,framework api,,,
10722968,Flask-WTF - validate_on_submit() is never executed,14267,27,how-to,framework api,,,
6337119,How do you daemonize a Flask application?,10903,26,configuration,environment,install gunicorn.,,
3696606,How to solve import errors while trying to deploy Flask using WSGI on Apache2,16814,26,configuration,framework configuration,,,
3442033,"Sqlite. How to get value of Auto Increment Primary Key after Insert, other than last_insert_rowid()?",20046,26,how-to,database,,,
23112316,"Using Flask, how do I modify the Cache-Control header for ALL output?",6892,26,how-to,framework api,,,
22180993,Pandas Dataframe display on a webpage,10339,26,how-to,display,,,
13598363,How to dynamically select template directory to be used in flask?,11821,26,how-to,framework api,,,
15122312,How to import from config file in Flask?,19505,26,configuration,framework configuration,,,
17174636,Can Alembic Autogenerate column alterations?,3087,26,how-to,others,,,
17375340,Testing code that requires a Flask app or request context,13303,26,how-to,framework api,,,
15463004,How can I send a GET request from my flask app to another site?,16342,26,how-to,framework api,,,
28241989,"Flask app ""Restarting with stat""",10037,26,configuration,dependencies versioning,,,
28032278,Creating a RESTful API using Flask?,12895,25,how-to,others,,,
16061514,Pylint - Pylint unable to import flask.ext.wtf?,3180,25,configuration,missing file,,,
13772884,CSS Problems with Flask Web App,22231,25,how-to,framework api,,,
22463939,demystify Flask app.secret_key,7909,25,how-to,others,,,
8947918,"read slave , read-write master setup",5567,25,how-to,framework api,,,
9513072,More than one static path in local Flask instance,8103,25,configuration,framework configuration,,,
11292612,Flask-SQLAlchemy: How to conditionally insert or update a row,20863,25,how-to,framework api,,,
11020170,Using flask extensions in flask blueprints,2835,25,how-to,framework api,,,
12179593,Flask - POST Error 405 Method Not Allowed,31991,25,how-to,framework api,,,
18417823,How do I run uwsgi with virtualenv,23322,25,configuration,environment,,,
22655031,jinja2 - how to put a block in an if statement?,9383,24,how-to,framework api,,,
21626048,Unable to pass jinja2 variables into javascript snippet,11576,24,how-to,framework api,,,
13735024,Invalidate an old session in Flask,15781,24,how-to,framework api,,,
14810795,Flask url_for generating http URL instead of https,8600,24,configuration,dependencies versioning,,,
14672753,Handling multiple requests in Flask,11987,24,configuration,framework configuration,,,
15936764,I'm having problems with wtforms selectfields when i use a POST with Flask,10894,24,how-to,framework api,,,
14997336,How to make eclipse/pydev happy to see flask extensions on windows?,8086,24,configuration,environment,,,
14386304,Flask: How to remove cookies?,11465,23,how-to,framework api,,,
13428708,Best way to make Flask-Login's login_required the default,5252,23,how-to,framework api,,,
23327293,Flask raises TemplateNotFound error even though template file exists,3963,23,how-to,framework api,,,
20916712,Cannot create virtualenv instance in python 2.7.5 because of pip installation error,5016,23,configuration,environment,,,
18334717,How to upload a file using an ajax call in flask,7574,23,how-to,framework api,,,
12288454,How to import custom jinja2 filters from another file (and using Flask)?,8565,23,how-to,framework api,,,
11309779,"Wtforms, add a class to a form dynamically",14726,23,how-to,framework api,,,
8824826,Is it odd that my SQLAlchemy MySQL connection always ends up sleeping?,6295,23,how-to,framework api,,,
4921038,Deleting row with Flask-SQLAlchemy,9148,23,how-to,database,,,
5085656,How to get the current port number in Flask?,12116,23,configuration,framework configuration,,,
7100573,Flask route with URI encoded component,6286,23,how-to,framework api,,,
26080872,secret key not set in flask session,15414,23,configuration,framework configuration,,,
26349773,Flask-Admin default filters,3198,23,how-to,framework api,,,
26997679,Writing a CSV from Flask framework,9277,23,how-to,framework api,,,
32526281,How to set React to production mode when using Gulp,10217,23,configuration,framework configuration,,,
3850742,Flask - how do I combine Flask-WTF and Flask-SQLAlchemy to edit db models?,7543,22,how-to,framework api,,,
8971887,Flask partial view like MVC 3,5061,22,how-to,display,,,
10219486,Flask POST request is causing server to crash,15178,22,how-to,framework api,,,
12166970,"In python using Flask, how can I write out an object for download?",9737,22,how-to,framework api,,,
17845366,ImportError: cannot import name,56954,22,how-to,language,The problem is that you have a circular import: in app.py,,
19098295,Flask: setting application and request-specific attributes?,8715,22,configuration,framework configuration,,,
23432478,Flask - generate_password_hash not constant output,4190,22,how-to,framework api,,,
31264826,Start a flask application in separate thread,6639,22,configuration,framework configuration,,,
13531149,Check for a cookie with Python Flask,10302,22,how-to,framework api,,,
13660118,Running a flask app with nginx and gunicorn,14451,22,configuration,framework configuration,,,
15498027,Python Jinja error while comparing string,16127,22,how-to,framework api,,,
15871391,Implementing Flask-Login with multiple User Classes,5236,21,how-to,framework api,,,
17249953,"List all available routes in Flask, along with corresponding functions' docstrings",5226,21,how-to,framework api,,,
31252791,Flask ImportError: No Module Named Flask,30981,21,configuration,environment,,,
23301968,Invalid transaction persisting across requests,7579,21,how-to,others,,,
21498694,Flask: get current route,18497,21,how-to,framework api,,,
20212894,How do I get Flask to run on port 80?,63412,21,configuration,framework configuration,,,
19532372,"What's the point of the ""is_authenticated"" method used in Flask-Login?",2437,21,how-to,framework api,,,
26079754,"Flask, how to return a success status code for ajax call",6700,21,how-to,framework api,,,
33241050,Trailing slash triggers 404 in Flask path rule,3571,21,configuration,framework configuration,,,
12285903,Flask - How to create custom abort() code?,16867,20,how-to,framework api,,,
12340047,uwsgi: your server socket listen backlog is limited to 100 connections,13180,20,configuration,environment,,,
12770950,Flask request.remote_addr is wrong on webfaction and not showing real user IP,10451,20,how-to,framework api,,,
13058800,Using Flask-SQLAlchemy in Blueprint models without reference to the app,9304,20,how-to,framework api,,,
11751972,New to flask and Flask-Login - ImportError: No module named login,11650,20,configuration,dependencies versioning,,,
10693808,How to test template context variables with Flask,3238,20,how-to,framework api,,,
10364854,Flask debug=True does not work when going through uWSGI,14444,20,configuration,environment,According to the Flask mailing list you cannot use Flask's debug option with uWSGI.,,
8141721,Why is only one Flask teardown_request function being called when view raises Exception?,3081,20,how-to,framework api,,,
3686465,"Flask/Werkzeug, how to return previous page after login",9220,20,how-to,framework api,,,
6245813,Is it possible to use Mysql with SqlAlchemy and Flask if my mysql socket isn't in /tmp?,6468,20,how-to,database,,,
20201809,sqlalchemy flask: AttributeError: 'Session' object has no attribute '_model_changes' on session.commit(),9788,20,configuration,dependencies versioning,"There is new version available, which should be fixing this behaviour, quoting the 2.0 docs.",,
19506105,flask sqlalchemy query with keyword as variable,6031,20,how-to,framework api,,,
18263844,Flask and Werkzeug: Testing a post request with custom headers,9948,20,how-to,framework api,,,
21577481,"Flask-WTF / WTForms with Unittest fails validation, but works without Unittest",2700,20,configuration,framework configuration,You should set WTF_CSRF_ENABLED.,,
22698478,What is the difference between the declarative_base() and db.Model?,2204,20,how-to,framework api,,,
31444036,RuntimeError: working outside of application context,13818,20,how-to,framework api,,,
17201800,Alembic autogenerates empty Flask-SQLAlchemy migrations,3328,20,how-to,framework api,,,
15278285,Setting (mocking) request headers for Flask app unit test,6286,20,configuration,framework configuration,,,
14993318,Catching a 500 server error in Flask,27692,20,configuration,framework configuration,Make sure debug mode is off.,,
14872829,Get IP Address when testing flask application through nosetests,2125,19,configuration,framework configuration,You can set options for the environ_base.,,
13768007,Browser caching issues in flask,9569,19,configuration,framework configuration,Setting the cache to be max-age=0 fixed it.,,
17256602,AssertionError: View function mapping is overwriting an existing endpoint function: main,18236,19,how-to,framework api,,,
17174707,Can model views in Flask-Admin hyperlink to other model views?,3518,19,how-to,framework api,,,
30717152,"Python, Flask: How to set response header for all responses",4466,19,configuration,framework configuration,Set the header in a @app.after_request() hook.,,
22035974,Flask-restful: marshal complex object to json,5482,19,how-to,framework api,,,
23982917,Flask WTForms: Difference between DataRequired and InputRequired,2187,19,how-to,others,,,
24238743,Flask: Decorator to verify JSON and JSON Schema,4372,19,how-to,framework api,,,
19008260,Pythonic way to correctly separate Model from application using SQLAlchemy,7014,19,how-to,framework api,,,
18225713,How to display html content through flask messages?,7923,19,how-to,display,,,
20414015,No module named flask using virtualenv,40080,19,configuration,environment,,,
20419228,Flask-Login check if user is authenticated without decorator,7657,19,how-to,framework api,,,
9064725,How do I simulate an AJAX request with Flask test client?,2922,19,how-to,framework api,,,
10314800,Flask url_for URLs in Javascript,12186,19,how-to,framework api,,,
12030809,Flask and uWSGI - unable to load app 0 (mountpoint='') (callable not found or import error),18371,19,configuration,framework configuration,,,
26070547,Decoding base64 from POST to use in PIL,6494,19,how-to,framework api,,,
25639221,How to run recurring task in the Python Flask framework?,13057,19,how-to,framework api,,,
25373154,list of dictionary in jinja template,20652,19,how-to,framework api,,,
11462427,Structure of flask applications,4143,18,how-to,framework api,,,
9877524,What is the best way to get a semi long unique id (non sequential) key for Database objects,2027,18,how-to,framework api,,,
6463035,WTForms getting the errors,6209,18,how-to,framework api,,,
7085438,Flask blueprints proper usage,12018,18,how-to,framework api,,,
19754262,Flask app dont start on heroku server,2007,18,configuration,framework configuration,,,
17764156,Cannot show image from STATIC_FOLDER in Flask template,13106,18,configuration,framework configuration,,,
23347387,X-Forwarded-Proto and Flask,1853,18,how-to,framework api,,,
22868900,How do I safely get the user's real IP address in Flask (using mod_wsgi)?,7420,18,how-to,framework api,,,
21406057,Flask view raises TypeError: 'bool' object is not callable,2066,18,how-to,framework api,,,
31476441,unable to load app 0 (mountpoint='') - Flask app with uwsgi,5368,18,configuration,environment,,,
14415500,Common folder/file structure in Flask app,22077,18,how-to,framework api,,,
17285826,Flask redirecting multiple routes,12916,18,how-to,framework api,,,
17391605,uwsgi + Flask + virtualenv ImportError: no module named site,12371,18,configuration,environment,sudo uwsgi -s /tmp/uwsgi.sock -w myapp:app -H ~/.virtualenvs/myapp,,
27899911,No module named flask.ext.restful,6339,18,configuration,environment,,,
27596297,"Flask, Keep getting 404 serving static files using send_static_file",10269,17,configuration,framework configuration,,,
13706382,"how to get static files in Flask without url_for('static', file_name='xxx')",7479,17,configuration,framework configuration,,,
14133460,How to read UWSGI parameters in python/flask passed from nginx,3155,17,configuration,framework configuration,,,
14277067,Redirect back in Flask,8402,17,how-to,framework api,,,
17254840,Unable to create models on Flask-admin,2669,17,how-to,framework api,,,
22181384,Javascript - No 'Access-Control-Allow-Origin' header is present on the requested resource,17700,17,how-to,framework api,,,
18294680,AWS Elastic Beanstalk error - ImportError: No module named flask.ext.sqlalchemy,13919,17,configuration,framework configuration,Flask-SQLAlchemy=1.0 in requirements.txt,,
20107414,Passing a matplotlib figure to HTML (flask),9349,17,how-to,framework api,,,
20363836,PostgreSQL ILIKE query with SQLAlchemy,5487,17,how-to,database,,,
7428124,How can I fake request.POST and GET params for unit testing in Flask?,8447,17,how-to,framework api,,,
7777850,Iterating over submitted form fields in Flask?,4153,17,how-to,framework api,,,
8495367,Using additional command line arguments with gunicorn,3603,17,configuration,missing file,,,
10994195,How do I create a 404 page?,8341,17,how-to,framework api,,,
11873959,flask-sqlalchemy - PostgreSQL - Define specific schema for table?,1871,17,how-to,database,,,
13030235,Can flask framework send real-time data from server to client browser?,10910,17,how-to,framework api,,,
12630224,Returning API Error Messages with Python and Flask,13924,17,how-to,framework api,,,
12193013,"Flask Python, trying to return list or dict to Ajax call",14357,17,how-to,framework api,,,
12455484,Checking for the existence of a key in request.args in Flask,5979,16,how-to,framework api,,,
13002848,How do I convert an array to string using the jinja template engine?,6747,16,how-to,framework api,,,
11543266,Is SQLAlchemy still recommended if only used for raw sql query?,4639,16,how-to,others,,,
9680073,How do I use Flask routes with Apache and mod_wsgi?,8673,16,configuration,environment,The wsgi file needs permissions from the Apache process to work,,
10386520,Can't get Flask running using Passenger WSGI on Dreamhost shared hosting,2831,16,how-to,language,,,
10396141,Strange `UnicodeEncodeError` using `os.path.exists`,3260,16,configuration,framework configuration,,,
7877282,How to send image generated by PIL to browser?,18789,16,how-to,framework api,,,
3277657,How deploy Flask application on Webfaction?,3880,16,configuration,framework configuration,,,
3447883,Flask / Python. Get mimetype from uploaded file,4669,16,how-to,framework api,,,
3420897,Multilingual flask application,5261,16,how-to,framework api,,,
25036498,Is it possible to limit Flask POST data size on a per-route basis?,2318,16,configuration,framework configuration,@limit_content_length(3 * 1024 * 1024),,
24687736,How can I identify requests made via AJAX in Python's Flask?,1347,16,how-to,framework api,,,
21084791,Flask hello world using apache and mod_wsgi shows files in webroot only,21500,16,configuration,framework configuration,,,
18211942,"Flask view return error ""View function did not return a response""",12380,16,how-to,framework api,,,
18468887,Flask SQLAlchemy pagination error,3603,16,how-to,framework api,,,
17752301,Dynamic form fields in flask.request.form,9509,16,how-to,framework api,,,
18709213,Flask session not persisting,2176,16,configuration,framework configuration,,,
19205290,Flask-SQLAlchemy - model has no attribute 'foreign_keys',4095,16,how-to,framework api,,,
20529234,How to select/reduce a list of dictionaries in Flask/Jinja,12139,16,how-to,framework api,,,
23650544,RuntimeError: cannot access configuration outside request,1219,16,configuration,framework configuration,,,
30620276,Flask and React routing,2411,16,how-to,framework api,,,
16481924,Disabled field is considered for validation in WTForms and Flask,7692,16,how-to,framework api,,,
15883874,python flask - serving static files,10404,16,configuration,framework configuration,"url_for just returns, precisely, the URL for that file.",,
13896650,How to make a python decorator function in Flask with arguments (for authorization),8275,16,how-to,framework api,,,
13931633,How can a Flask decorator have arguments?,4806,16,how-to,framework api,,,
13714205,Deploying Flask app to Heroku,9886,16,configuration,framework configuration,,,
13784340,How To Run Postgres locally,8346,16,configuration,environment,"steps for installing postgreswl,python drivers for postgresql etc.",,
14737531,How to I delete all Flask sessions?,2346,16,how-to,framework api,,,
15080672,How to post data structure like json to flask?,12180,16,how-to,framework api,,,
15143482,multi document insert using mongoengine into mongodb,4656,16,how-to,framework api,,,
27287391,Why not generating the secret key every time Flask application starts?,2720,16,how-to,others,,,
14839618,Handling with multiple domains in Flask,5331,15,configuration,framework configuration,,,
14591202,How to make a RadioField in Flask?,7566,15,how-to,framework api,,,
14486370,Flask confusion with app,6415,15,how-to,framework api,,,
14551823,Running flask + gevent + requests not serving 'concurrently',5482,15,configuration,missing file,I  believe the issue is likely that you forgot to monkey patch.,,
13678397,Python - Flask Default Route possible?,3005,15,how-to,framework api,,,
13454507,Is it possible to import flask configuration values in modules without circular import?,4277,15,how-to,framework api,,,
14041450,using cx_freeze on flask app,1565,15,configuration,missing file,,,
15648284,Alembic: alembic revision says Import Error,3875,15,configuration,framework configuration,,,
16238462,flask unit test: how to test request from logged in user,3369,15,how-to,framework api,,,
16320603,Is it bad practice to write a whole Flask application in one file?,1577,15,how-to,others,,,
21815067,How do I validate wtforms fields against one another?,2557,15,how-to,framework api,,,
21956500,Use Jinja2 template engine in external javascript file,3114,15,how-to,framework api,,,
24186694,"Combining Flask-restless, Flask-security and regular Python requests",6178,15,how-to,framework api,,,
18881929,flask-mail gmail: connection refused,5553,15,configuration,framework configuration,,,
21138025,AttributeError: '_AppCtxGlobals' object has no attribute 'user' in Flask,7521,15,how-to,others,,,
20689195,"Flask Error: ""Method Not Allowed The method is not allowed for the requested URL""",18303,15,how-to,framework api,,,
19962699,"Flask RESTful cross-domain issue with Angular: PUT, OPTIONS methods",13041,15,how-to,framework api,,,
19760486,Resetting the expiration time for a cookie in Flask,4054,15,configuration,framework configuration,,,
19831351,wtforms raise a validation error after the form is validated,3697,15,how-to,framework api,,,
26578733,Why is Flask application not creating any logs when hosted by Gunicorn?,5161,15,how-to,framework api,,,
3789462,Redirecting an old URL to a new one with Flask micro-framework,4914,15,how-to,framework api,,,
5117479,WTForms-How to prepopulate a textarea field?,15568,15,how-to,framework api,,,
7896077,Flask and Redis,10104,15,how-to,framework api,,,
8015272,How can I use Jinja with Twisted?,2006,15,how-to,others,,,
10695093,How to implement user_loader callback in Flask-Login,7143,15,how-to,framework api,,,
10313001,Is it possible to make POST request in Flask?,17397,15,how-to,framework api,,,
8470431,What is the best way to implement a forced page refresh using Flask?,12962,15,how-to,framework api,,,
11233959,How to extend a base Flask Jinja template from a Blueprint template?,3997,15,how-to,framework api,,,
12099741,How do you set a default value for a WTForms SelectField?,17848,15,configuration,dependencies versioning,,,
13014984,Warnings and errors after trying to install Flask 0.9,10036,15,configuration,environment,,,
13315883,How to structure data to easily build HTML tables in Flask,15013,14,how-to,framework api,,,
11125196,Python - Flask - open a webpage in default browser,3764,14,configuration,framework configuration,"url = ""http://127.0.0.1:{0}"".format(port).",,
9016504,Apache SetEnv not working as expected with mod_wsgi,8511,14,configuration,framework configuration,,,
8967216,Flask with a webserver breaks all sessions?,5659,14,configuration,framework configuration,,,
10727366,jsonify is not defined - Internal Server Error,7740,14,configuration,missing file,from flask import jsonify,,
8026281,Parse X-Forwarded-For to get ip with werkzeug on Heroku,4942,14,how-to,framework api,,,
6988977,Securing RESTapi in flask,4979,14,how-to,framework api,,,
7017990,Get variables from a settings.py file in a Jinja template with Flask,4766,14,configuration,framework configuration,app.config.from_pyfile to pull in the values from your settings file.,,
5120302,Avoiding Python UnicodeDecodeError in Jinja's nl2br filter,7830,14,how-to,language,,,
6196622,Using WTForms' populate_obj( ) method with Flask micro framework,9100,14,how-to,framework api,,,
3948975,Why store sessions on the server instead of inside a cookie?,3298,14,how-to,framework api,,,
26862809,operational error: database is locked,10129,14,how-to,database,,,
24577349,Flask Download a File,20373,14,configuration,framework configuration,,,
25466904,Print raw HTTP request in Flask or WSGI,11501,14,how-to,framework api,,,
19578613,Posting Data on Flask via form is giving 400 Bad Request,14134,14,configuration,framework configuration,You only set the id but not the name for the input element.,,
20766291,Flask-login not redirecting to previous page,4208,14,configuration,framework configuration,request.args.get('next').,,
18812240,Type error on calling validate in wtforms,2042,14,how-to,framework api,,,
19243964,SQLAlchemy delete doesn't cascade,3617,14,how-to,database,,,
17629291,"Setting a default value in the selectfield, using wtforms and flask",14615,14,how-to,framework api,,,
21292726,How to properly use association_proxy and ordering_list together with SQLAlchemy,2898,14,how-to,framework api,,,
21362700,"Using Flask-Mail asynchronously results in ""RuntimeError: working outside of application context""",3634,14,how-to,framework api,,,
21340678,How do I call one Flask view from another one?,1660,14,how-to,framework api,,,
22274137,How do I alter a response in flask in the after_request function?,4473,14,how-to,framework api,,,
22854749,Flask and Ajax Post requests 400,3127,14,how-to,framework api,,,
15721679,Update and render a value from Flask periodically,11038,14,how-to,framework api,,,
14162821,"JSON ""POST"" to Flask View doesn't work",7986,14,how-to,framework api,,,
13831251,flask-login: Chrome ignoring cookie expiration?,2620,14,configuration,framework configuration,,,
14860559,Flask Database Issue,2961,14,how-to,database,,,
17540754,"Route to view_func with same decorators ""flask""",2584,14,how-to,framework api,,,
27628053,Uploading and Downloading Files with Flask,9730,14,how-to,framework api,,,
27882479,Flask projects on heroku returns 500 internal server error,1900,14,configuration,framework configuration,My test template wasn't and that caused the 500 for me.,,
33446350,How to check if Celery/Supervisor is running using Python,2261,14,how-to,framework api,,,
32750526,Flask-Login raises TypeError: 'bool' object is not callable when trying to override is_active property,1980,14,configuration,dependencies versioning,,,
32722143,Flask application traceback doesn't show up in server log,2540,13,configuration,framework configuration,FLASK_DEBUG=1 flask run,,
32640090,Python Flask: keeping track of user sessions? How to get Session Cookie ID?,5140,13,how-to,framework api,,,
36136112,"Defining SQLAlchemy enum column with Python enum raises ""ValueError: not a valid enum""",2190,13,how-to,framework api,,,
38079200,How can I disable ExtDeprecationWarning for external libs in flask,3098,13,how-to,others,,,
27932899,SAML 2.0 Service Provider in Python,3761,13,configuration,environment,pip install flask flask-login pysaml2,,
13640298,SQLAlchemy - Writing a hybrid method for child count,3371,13,how-to,framework api,,,
14295322,What tools are available to auto-produce documentation for a REST API written in Flask?,9010,13,how-to,framework api,,,
14234063,How to check for the existence of a get parameter in flask,5702,13,how-to,others,,,
15660676,Alembic --autogenerate producing empty migration,6960,13,how-to,framework api,,,
15772975,Flask: Get the size of request.files object,8518,13,how-to,framework api,,,
22251038,How to limit Flask dev server to only one visiting ip address,2722,13,how-to,framework api,,,
21486400,How to test session in flask resource,2703,13,how-to,framework api,,,
21718603,python flask-restful blueprint and factory pattern work together?,3921,13,how-to,framework api,,,
21796672,Python: How to get multiple variables from a URL in Flask?,7246,13,how-to,framework api,,,
18022767,Python Redis connection should be closed on every request? (flask),4012,13,how-to,framework api,,,
21206818,"SQLAlchemy, Flask: get relationships from a db.Model",2541,13,how-to,framework api,,,
19524069,How to send username:password to unittest's app.get() request?,3290,13,how-to,framework api,,,
19797709,What is a self-written decorator (like @login_required) actually doing?,1286,13,how-to,framework api,,,
19772494,Flask-WTForms throws error for IntegerField instead of failing validation,5219,13,how-to,framework api,,,
25034812,use a css stylesheet on a jinja2 template,9565,13,how-to,framework api,,,
24494104,from flask import Flask' throws up a syntax error - Python,1663,13,configuration,dependencies versioning,Flask does not support Python 3.2, only 3.3+ (and 2.6+),
27035728,Flask cannot import enumerate? UndefinedError: 'enumerate' is undefined,2162,13,how-to,framework api,,,
3970420,How do I return a list as a variable in Python and use in Jinja2?,9892,13,how-to,framework api,,,
6089020,What's your folder layout for a Flask app divided in modules?,6469,13,how-to,others,,,
4896104,Creating a tree from self referential tables in SQLalchemy,7125,13,how-to,framework api,,,
10372883,Simple flask application that reads its content from a .html file. External style sheet being blocked?,12184,13,how-to,framework api,,,
7880827,Werkzeug AttributeError: 'module' object has no attribute 'InteractiveInterpreter',4538,13,configuration,framework configuration,"To fix the problem, rename your code.py to something else, and make sure you delete the code.pyc file.",,
11596777,Flask not serving pictures,21094,13,configuration,framework configuration,,,
11945523,Forcing application/json MIME type in a view (Flask),20285,13,configuration,framework configuration,Then set the mimetype property. r = make_response( data ), r.mimetype = 'application/json', return r.
5198956,Python - How are signals different from pubsub?,3853,13,how-to,others,,,
10542493,"Using Flask Blueprints, how to fix url_for from breaking if a subdomain is specified?",9018,12,configuration,framework configuration,,,
11709746,How to not redefine url for static files in flask everytime,4495,12,how-to,framework api,,,
9766134,How do I redirect to the www. version of my Flask site on Heroku?,2033,12,how-to,framework api,,,
7877230,Standard 401 response when using HTTP auth in flask,9325,12,how-to,framework api,,,
8107198,"Using Amazon S3 with Heroku, Python, and Flask",5620,12,configuration,framework configuration,"You would just replace file.save(os.path.join(app.config['UPLOAD_FOLDER'], filename)).",,
5439917,Flaskr SyntaxError,6056,12,how-to,framework api,,,
5572225,Text escaped when I want it to show up as html in Flask/jinja2,15855,12,how-to,display,,,
5868718,Wtforms: How to generate blank value using select fields with dynamic choice values,4738,12,how-to,framework api,,,
6525243,How to modify pythonpath for a WSGI application in alwaysdata.net,4727,12,configuration,framework configuration,,,
4555188,which Forms libaray to use with Flask and SQLAlchemy,2236,12,how-to,others,,,
7118930,What are some good web apps for learning Flask?,4071,12,how-to,others,,,
26555125,Rollback transactions not working with py.test and Flask,2197,12,configuration,environment,A quick change to your code in conftest.py.,,
26550180,Flask Blueprint AttributeError: 'module' object has no attribute 'name' error,6411,12,how-to,framework api,,,
24525588,How to install Flask on Python3 using pip?,10365,12,configuration,environment,,,
25179128,How to do query with `WHERE value IN list` in the Python Peewee ORM?,985,12,how-to,framework api,,,
25709716,socket.error: [Errno 13] Permission denied when creating a fake email server,9629,12,configuration,environment,,,
17635015,Getting 'TypeError: ObjectId('') is not JSON serializable' when using Flask 0.10.1,8860,12,configuration,dependencies versioning,"it was working fine on Flask 0.9, but after upgrading to 0.10.1 I get  the error in title",,
17716436,A better way to accept multiple request types in a single view method?,4856,12,how-to,framework api,,,
19274226,How to track the current user in flask-login?,20769,12,how-to,framework api,,,
18662898,Flask: How to render the linebreak in template?,2548,12,how-to,framework api,,,
21949452,WTForms: two forms on the same page?,5561,12,how-to,framework api,,,
22047398,Configuring Flask to correctly load Bootstrap js and css files,4962,12,configuration,framework configuration,Put the scripts directory in your static subdirectory.,,
21674303,Flask-SQLAlchemy filters and operators,9120,12,how-to,framework api,,,
21727129,How to make a field non-editable in Flask Admin view of a model class,1801,12,how-to,framework api,,,
22873794,AttributeError: 'EditForm' object has no attribute 'validate_on_submit',4158,12,how-to,framework api,,,
23712986,"Pre-Populate a WTforms in flask, with data from a SQLAlchemy object",9382,12,how-to,framework api,,,
24098318,Flask: Background thread sees a non-empty queue as empty,1193,12,configuration,framework configuration,Try setting the lazy-apps option to delay the loading of the Flask app.,,
30121763,How to use a WTForms FieldList of FormFields?,4092,12,how-to,framework api,,,
15603240,Flask: How to manage different environment databases?,7153,12,configuration,framework configuration,"app.config.from_envvar('MYCOOLAPP_CONFIG',silent=True).",,
14874846,Readonly text field in Flask-Admin ModelView,4690,12,how-to,framework api,,,
16081754,Redirect to a URL which contains a 'variable part' in Flask (Python),6196,12,how-to,framework api,,,
16373890,Cannot import flask from project directory but works everywhere else,5072,12,how-to,framework api,,,
17127922,Can't delete row from SQLAlchemy due to wrong session,2319,12,configuration,framework configuration,"You are creating 2 instances of the db object, inherently creating 2 different sessions.",,
17135006,URL routing conflicts for static files in Flask dev server,3440,12,configuration,framework configuration,Setup Flask application as app.,,
17329087,Upload a file to a python flask server using curl,4218,12,how-to,framework api,,,
13998607,Route requests based on the Accept header in Python web frameworks,1470,12,how-to,framework api,,,
15041620,How to continuously display python output in a webpage?,7879,12,how-to,display,,,
16908943,Flask Display Json in a Neat Way,8264,12,how-to,framework api,,,
27611671,Restrict static file access to logged in users,1726,12,configuration,framework configuration,app.view_functions['static'] = login_required(app.send_static_file).,,
28575234,@login_required trouble in flask app,3216,12,how-to,framework api,,,
29332056,Global error handler for any exception,2922,12,how-to,framework api,,,
32975598,Flask Cache not caching,598,12,configuration,framework configuration,cache = Cache(config={'CACHE_TYPE': 'simple'}).,,
32084646,Flask-Session extension vs default session,513,12,how-to,others,,,
32189673,Flask isn't getting the checkbox value,4159,11,how-to,framework api,,,
33379287,"Gunicorn can't find app when name changed from ""application""",2887,11,configuration,framework configuration,,,
34057851,"Python Flask, TypeError: 'dict' object is not callable",4995,11,how-to,framework api,,,
29464276,Add response headers to flask web app,2808,11,how-to,framework api,,,
29517930,error while following Tumblelog Application with Flask and MongoEngine,1658,11,configuration,framework configuration,"In your MONGODB_SETTINGS dictionary, the key for the database name should be 'db', not 'DB' .",,
27608987,"""TypeError"": 'list' object is not callable flask",5301,11,how-to,framework api,,,
14566570,How to use Flask-Script and Gunicorn,9431,11,configuration,framework configuration,"manager.add_command(""runserver"", GunicornServer()).",,
14611374,Why is this flask-admin form alway failing validation?,1273,11,how-to,framework api,,,
14770098,View function did not return a response,12392,11,how-to,framework api,,,
14131494,"in a Flask unit-test, how can I mock objects on the request-global `g` object?",7001,11,how-to,framework api,,,
16752963,Python Flask-WTF - use same form template for add and edit operations,5236,11,how-to,framework api,,,
16282576,flask unit test: send cookies after modifying the session,1977,11,configuration,framework configuration,"c.set_cookie('localhost', 'MYCOOKIE', 'cookie_value').",,
30514749,What is the g object in this Flask code?,102,11,how-to,framework api,,,
31866796,Making an asynchronous task in Flask,6210,11,configuration,environment,You'll need to install a broker to serve as your task queue (RabbitMQ and Redis are recommended).,,
23878070,Using JSON Type with Flask-sqlalchemy & Postgresql,11428,11,how-to,database,,,
23457658,Flask global variables,4433,11,how-to,others,,,
22466696,Celery beat schedule multiple tasks under same time-interval group,3408,11,how-to,framework api,,,
22420598,what is flask-sqlalchemy where in clause query syntax?,4298,11,how-to,database,,,
18776745,Gunicorn with Flask using wrong Python,4860,11,configuration,environment,,,
19006741,Running Flask locally. I want to display images based on names generated in JavaScript,6348,11,how-to,framework api,,,
19213226,How to html input to Flask?,6014,11,how-to,framework api,,,
19466045,"""ImportError: cannot import name mail"" in Flask",4542,11,how-to,framework api,,,
20115662,What does the second argument of the Session.pop method do in Python Flask?,1887,11,how-to,framework api,,,
20243850,Flask-RESTful - Return custom Response format,5773,11,how-to,framework api,,,
21004784,Using Flask-Mail to send Email through Gmail- socket.gaierr,4781,11,configuration,framework configuration,,,
20766684,What benefit is added by using Gunicorn + Nginx + Flask?,3557,11,how-to,others,,,
20457567,Flask logging with Foreman,2823,11,configuration,framework configuration,The default logging configuration for Flask apps is different in debug vs. production mode.,,
21306134,Iterating over multiple lists in python - flask - jinja2 templates,5699,11,how-to,framework api,,,
24851241,flask View function mapping is overwriting an existing endpoint function: type,5784,11,how-to,framework api,,,
26535043,"Python/Flask error: ""ImportError: cannot import name _compare_digest""",9687,11,configuration,dependencies versioning,You are running Python 2.7.6.The hmac version you have is for Python 2.7.7.,,
26536187,"Is it possible to dynamically update a rendered template in Flask, server-side?",10259,11,how-to,framework api,,,
25942092,Unique Salt per User using Flask-Security,1358,11,configuration,framework configuration,The config for 'SECURITY_PASSWORD_SALT' is only used for HMAC encryption.,,
7054099,Using flask/blueprint for some static pages,3357,11,how-to,framework api,,,
6688413,How to preserve database connection in a python web server,6556,11,how-to,others,,,
7558249,"Nginx configuration for static sites in root directory, Flask apps in subdirectories",5938,11,configuration,framework configuration,,,
5869899,Class-based (generic) views in Flask,1590,11,how-to,framework api,,,
8976683,"Jinja2 escape all HTML but img, b, etc",5347,11,how-to,framework api,,,
10401499,"MongoKit ""ImportError: No module named objectid "" error",7300,11,configuration,dependencies versioning,"PyMongo 1.11 objectid lives in the bson module, not pymongo.",,
9844150,Flask-SQLAlchemy nullable=False,7170,11,how-to,others,I suggest using something like wtforms to validate the input of the user..,,
10874113,Accidently did system-wide install of flask and sqlalchemy,985,11,configuration,environment,,,
11497693,python decorator in flask,1354,11,how-to,framework api,,,
11804922,Flask-Admin + (Flask-Login and/or Flask-Principal),7438,11,how-to,framework api,,,
9885693,How I do to update data on many-to-many with WTForms and SQLAlchemy?,4005,11,configuration,framework configuration,The crux of your problem is that SQL Alchemy is expecting the permissions relationship to be populated with sqlalchemy permission objects.,,
13329354,"Flask, mod_wsgi, and Apache: ImportError",5848,11,configuration,environment,,,
12317667,Flask long routines,3155,11,how-to,framework api,,,
12767550,Sort dict in jinja2 loop,11831,11,how-to,framework api,,,
12715834,"In Flask, why does this hello world app work?",833,10,how-to,framework api,,,
12063463,Where is the Gunicorn config file?,10041,10,configuration,framework configuration,,,
11870396,How to I return JSON in flask python fetched from another url to the browser?,6680,10,how-to,framework api,,,
11622548,Boto connect_xxx method and connection pools,3085,10,how-to,framework api,,,
11438352,Many-to-many multi-database join with Flask-SQLAlchemy,1241,10,how-to,database,,,
11024374,Why am I getting 404 error in Flask?,6844,10,configuration,framework configuration,You should move the whole if __name__ == '__main__' block to the bottom of the script.,,
10124786,Flask - headers are not converted to unicode?,2992,10,how-to,framework api,,,
10455547,DELIMITER / Creating a trigger in SQLAlchemy,2389,10,how-to,database,,,
10650537,Python Flask + nginx fcgi - output large response?,982,10,how-to,display,,,
8624520,passing a variable into a jinja import or include from a parent html file,10628,10,how-to,framework api,,,
4949849,File Parsing on the fly in Flask,6078,10,how-to,framework api,,,
6196598,Flask message flashing fails across redirects,2602,10,configuration,framework configuration,I got it! The trick is to set server name to something with dots.,,
3811595,Flask/Werkzeug how to attach HTTP content-length header to file download,18189,10,how-to,framework api,,,
8069846,Dynamically add URL rules to Flask app,5511,10,how-to,framework api,,,
7085311,Request and basic profiling information for Flask,2100,10,how-to,framework api,,,
26339583,cannot use current_user in jinja2 macro?,2189,10,how-to,framework api,,,
26409871,Difficulty with Celery: function object has no property 'delay',1695,10,how-to,framework api,,,
26217779,How to get the name of a submitted form in Flask?,1561,10,how-to,framework api,,,
26514583,text/event-stream recognised as a download,4132,10,how-to,framework api,,,
26564784,flask-migrate doesn't detect models,1493,10,how-to,database,,,
26971491,How do i link to images not in Static folder in flask,2279,10,configuration,framework configuration,,,
24706951,How to convert all Decimals in a Python data structure to string?,1336,10,how-to,language,,,
21243291,Flask-SQLAlchemy - When are the tables/databases created and destroyed?,4131,10,how-to,database,,,
20764566,flask Set Cookie for every response,3835,10,how-to,others,,,
21114830,Query to check if size of collection is 0 or empty in SQLAlchemy?,1569,10,how-to,database,,,
20080123,Testing file upload with Flask and Python 3,1800,10,configuration,dependencies versioning,"In Python 3, you need to use io.BytesIO()",,
19898967,How to use WTForms in Ajax validation?,4891,10,how-to,framework api,,,
19631335,Reverting a URL in Flask to the endpoint + arguments,1142,10,how-to,framework api,,,
19083705,How does Flask-login with multiple servers work,1610,10,configuration,framework configuration,,,
18127128,Time out issues with chrome and flask,5133,10,how-to,others,,,
22152840,Flask blueprint static directory does not work?,5692,10,configuration,framework configuration,,,
21990914,Sort list of objects with Jinja2 and Flask depending the field pressed,1521,10,how-to,framework api,,,
23949395,How to pass a javascript array to a python script using flask [using flask example],4547,10,how-to,framework api,,,
22919182,Flask HTTP Basicauth - How does it work?,5206,10,how-to,others,,,
23038710,Accessing python list in javascript as an array,8899,10,how-to,framework api,,,
23230599,Having problems accessing port 5000 in Vagrant,7510,10,configuration,environment,,,
30673079,Send JSON to Flask using requests,852,10,configuration,framework configuration,"You are not sending JSON data currently. You need to set the json argument, not data.",,
15820788,Using Twitter Bootstrap radio buttons with Flask,5452,10,how-to,display,,,
16020749,Heroku app runs locally but gets H12 timeout error (uses a package),1861,10,how-to,framework api,,,
15106741,Parameterized reusable blocks with Jinja2 (Flask) templating engine,1061,10,how-to,framework api,,,
16802202,Error flask-sqlalchemy NameError: global name 'joinedload' is not defined,3407,10,configuration,missing file,from sqlalchemy.orm import joinedload.,,
16741834,How to add stdout and stderr to logger file in flask,7472,10,configuration,framework configuration,You also need to add your handler to that logging class to make it work.,,
16678317,Flask-WTForms: how to check if a field is required?,2323,10,how-to,framework api,,,
14228985,What does `key_prefix` do for flask-cache?,1021,10,how-to,framework api,,,
13585663,Flask-WTFform: Flash does not display errors,3673,10,how-to,framework api,There are no errors yet because you haven't processed the form yet.,,
13410982,AttributeError: 'long' object has no attribute 'fetchall',6097,10,how-to,framework api,,,
13654688,What is the correct way to leave gunicorn running?,5512,10,configuration,missing file,I'd look into something like Supervisor.,,
15068988,Flask-SQLAlchemy not creating tables using create_all(),4969,10,how-to,database,,,
15021292,Configuring Flask-SQLAlchemy to use multiple databases with Flask-Restless,4217,10,configuration,framework configuration,,,
27337013,How to send zip files in the python Flask framework?,3563,10,how-to,framework api,,,
29514798,Filling WTForms FormField FieldList with data results in HTML in fields,2799,10,how-to,framework api,,,
29397002,Creating database with SQLAlchemy in Flask,1558,10,configuration,framework configuration,"db_path = os.path.join(os.path.dirname(__file__), 'app.db').",,
28590344,IOError: No space left on device - which device?,9698,10,configuration,environment,,,
33398950,"Embed ""Bokeh created html file"" into Flask ""template.html"" file",1060,10,how-to,framework api,,,
33353192,Flask hangs when sending a post request to itself,979,10,how-to,framework api,,,
32024551,Reference template variable within Jinja expression,1446,10,how-to,framework api,,,
32763177,python: API token generation with itsdangerous,2066,10,how-to,framework api,,,
32815451,Are global variables thread safe in flask?,3052,10,how-to,others,,,
33070395,Not able to parse a .csv file uploaded using Flask,2070,10,how-to,framework api,,,
32724537,Building a RESTful Flask API for Scrapy,1410,9,how-to,framework api,,,
31927227,next_is_valid() doesn't exist in flask-login?,1359,9,how-to,framework api,,,
34079191,Send email task with correct context,306,9,how-to,framework api,,,
34671217,"In Flask, What is request.args and how is it used?",8950,9,how-to,framework api,,,
35165669,Is there a pythonic way to skip decoration on a subclass' method?,221,9,how-to,framework api,,,
29091070,how to get data from 'ImmutableMultiDict' in flask,6408,9,how-to,framework api,,,
27914926,How to setup different subdomains in Flask (using blueprints)?,972,9,configuration,framework configuration,,,
28165704,Convert html to pdf using Python/Flask,9101,9,how-to,framework api,,,
14350920,Define a route for url ending with integer in python,4354,9,how-to,framework api,,,
13760008,"Why do some Flask session values disappear from the session after closing the browser window, but then reappear later without me adding them?",3823,9,how-to,others,Domains had a separate cookie.,,
13444666,Implementing breadcrumbs in Python using Flask?,2687,9,how-to,framework api,,,
14053670,"No response with POST request and Content-Type ""application/json"" in flask",4896,9,how-to,framework api,,,
13959209,How can I unit test this Flask app?,5149,9,how-to,others,,,
17440605,Flask-SQLALchemy: No such table,4853,9,how-to,database,,,
17215698,SQLite insert statement failing silently using Flask,2349,9,how-to,database,,,
15904035,Running selenium browser on server (Flask/Python/Heroku),3744,9,configuration,environment,,,
30586601,Flask only sees first parameter from multiple parameters sent with curl,613,9,how-to,framework api,,,
