Post Link,Post Title,Post Views,Answer Score,Category,Subcategory,Comment
16830405,Laravel requires the Mcrypt PHP extension,187371,302,configuration,framework configuration,
20678360,Laravel blank white screen,83667,176,configuration,dependencies versioning,I recently upgraded to Apache 2.4 and PHP 5.5.7.
23094374,"Laravel unexpected error ""class user contains 3 abstract methods...""",20235,172,how-to,framework api,
29822686,cURL error 60: SSL certificate: unable to get local issuer certificate,44515,144,configuration,missing file,"I googled a lot and lots of people are suggesting, that I download this file: cacert.pem"
27753868,How to get the query executed in Laravel 5 ? DB::getQueryLog returning empty array,79818,129,configuration,framework configuration,You need enable query log by calling. DB::enableQueryLog()
30046691,How to get current route name in laravel 5?,78293,127,how-to,framework api,
15232600,Laravel stylesheets and javascript don't load for non-base routes,109324,123,how-to,framework api,
25948560,How to install Laravel 5.0,86202,120,configuration,environment,
28516454,Laravel 5 User Model not found,25967,109,configuration,framework configuration,You need to update your config/auth.php file.
28277955,Laravel:Unknown column 'updated_at',16273,91,how-to,database,
21175570,How to install Laravel's Artisan?,73322,89,configuration,environment,
16815551,"How to do this in Laravel, subquery where in",77111,84,how-to,database,
29100877,Trying to get Laravel 5 email to work,63039,79,configuration,framework configuration,I added to my .env file the details of the mail service I am using.
26376516,Laravel PHP Command Not Found,40095,75,configuration,environment,
28402726,Laravel 5 - redirect to HTTPS,25734,73,how-to,framework api,
20667761,composer killed while updating,18248,70,configuration,environment,
28378460,Laravel 5 package development,15233,67,configuration,framework configuration,
23086204,Composer: required packages with differing levels of minimum-stability,16002,65,configuration,framework configuration,The answer is just add @dev.
11981621,Starting with laravel on ubuntu,39418,65,configuration,environment,
23754260,Installing specific laravel version with composer create-project,29061,64,configuration,environment,
18532353,Laravel mail pretend prints nothing,10395,61,configuration,framework configuration,'pretend' => false.
23837933,"How can I remove ""public/index.php"" in the url generated laravel?",81659,60,how-to,framework api,
20996767,Requirements could not be resolved to an installable set of packages,46450,60,configuration,dependencies versioning,
28492909,Laravel 5 Function () not found,8069,60,how-to,framework api,
16138050,Laravel 4 testing, 'phpunit' is not recognized?,14204,59,configuration,environment
16897504,Laravel quick start guide route not working,30938,59,how-to,framework api,
32368016,How to comment in laravel .env file?,6542,57,how-to,framework api,
20984148,How to setup laravel framework in wampserver properly?,32428,57,configuration,framework configuration,
30819934,"Laravel migrations: Class ""not found""",24196,56,configuration,environment,php artisan clear-compiled.
36436967,Just installed Lumen and got NotFoundHttpException,5671,55,configuration,framework configuration,$app->run($app->make('request'))
22513355,Input::file() returning null Laravel,21073,53,how-to,framework api,
27192237,Laravel 5 - env local debug true no errors shown,26508,53,configuration,environment,
26566675,getting the value of an extra pivot table column laravel,18073,52,how-to,database,
28027236,Blade: escaping text and allowing new lines,10205,52,how-to,framework api,
29115184,Laravel catch TokenMismatchException,13634,51,how-to,framework api,
29508297,Laravel-5 how to populate select box from database with id value and name value,53221,50,how-to,framework api,
30708711,how to use php DateTime() function in Laravel 5,30029,50,how-to,framework api,
22008487,How to concatenate columns with Laravel 4 Eloquent?,34434,50,how-to,framework api,
16178426,"Get all routes, Laravel 4",9977,49,how-to,framework api,
26854030,Laravel: Where to store global arrays data and constants?,25451,49,how-to,framework api,
23102033,User model error after Laravel update (Class User contains 3 abstract method),7888,48,configuration,dependencies versioning,"You can check the upgrade documentation here, to fix this issue."
20864872,How to bind parameters to a raw DB query in Laravel that's used on a model?,22430,47,how-to,database,
18862160,composer laravel create project,48269,46,how-to,framework api,
27980373,How to use pagination in laravel 5?,17995,46,how-to,framework api,
23786359,"Laravel migration: unique key is too long, even if specified",21853,46,how-to,framework api,
14318205,Laravel join queries AS,20672,46,how-to,framework api,
23242533,Laravel redirect with logout not working,24312,46,configuration,framework configuration,Laravel 4.2 and up now has a method you can use with your schema builder to add this column
25082154,How to create multilingual translated routes in Laravel,21087,46,how-to,framework api,
24130507,Eloquent column list by key with array as values?,19615,45,how-to,database,
17861412,Calling other function in the same controller?,31736,44,how-to,framework api,
22399326,Laravel 4 : Best Practice to Trim Input before Validation,12423,44,how-to,framework api,
34395129,Fatal error while upgrading Laravel 5.1 to 5.2,18315,44,configuration,dependencies versioning,I'm following the official upgrade guide from 5.1 to 5.2.
34582535,Laravel 5.2 - Use a String as a Custom Primary Key for Eloquent Table becomes 0,14535,44,how-to,database,
26584904,Laravel Mail::send() sending to multiple to or bcc addresses,34897,44,how-to,framework api,
27175808,Dropping column with foreign key Laravel error: General error: 1025 Error on rename,16332,44,how-to,database,
22725266,How to autoload Guzzle in Laravel 4?,22506,43,configuration,environment,"composer require ""guzzle/guzzle"" ""~3.0""."
25312766,POST 405 (Method not allowed) when trying to post AJAX request - Laravel 4,36209,43,how-to,framework api,
28866500,Laravel Eloquent update just if changes have been made,13723,43,how-to,database,
34565515,Laravel 5 : MassAssignmentException in Model.php,19119,43,how-to,framework api,
21552604,How to define a Laravel route with a parameter that contains a slash character,9968,43,how-to,framework api,
14013832,Make column not nullable in a Laravel migration,15895,43,how-to,database,
27568147,Laravel constructor redirect is not working,10760,43,how-to,framework api,
23530051,Laravel Eloquent sort by relation table column,18533,42,how-to,database,
16994253,Laravel Eager Loading - Load only specific columns,11708,42,how-to,framework api,
17543843,Skip model accessor,2741,42,how-to,framework api,
20853604,Laravel get request headers,22694,42,configuration,framework configuration,htaccess modification.
19951787,laravel 4 -> get column names,27618,42,how-to,database,
20110757,Laravel - Pass more than one variable to view,44343,42,how-to,framework api,
29692745,lumen framework routing not working,10560,42,configuration,framework configuration,You have to use the fully qualified classname.
30810776,How can I use HTML tags in a Laravel localization file?,5708,42,how-to,framework api,
28413985,Laravel 5 Illuminate\Http\Request has method not allowing static call,21123,42,configuration,environment,You need to import the Facade.
28214499,Laravel 5 not finding css files,32615,41,how-to,framework api,
22751866,Laravel 4 - Blade Templating - How to properly Link to Route?,42143,41,how-to,framework api,
22844022,Laravel use same form for create and edit,35503,41,how-to,framework api,
24824624,Laravel $q->where() between dates,58626,41,how-to,framework api,
16873638,Laravel form model binding,32185,41,how-to,framework api,
16957790,How do I create a facade class with Laravel?,12300,41,configuration,framework configuration,Add the facade folder to your composer autoload.
27571573,Laravel 5 new auth: Get current user and how to implement roles?,29633,41,how-to,others,
23771117,requires ext-fileinfo. How do I add that into my composer.json file?,17028,40,configuration,missing file,
17472128,Preventing Laravel adding multiple records to a pivot table,16818,40,how-to,database,
25290229,Laravel named route for resource controller,12726,40,how-to,framework api,
28944097,Laravel 5: Handle exceptions when request wants JSON,12790,40,how-to,framework api,
22628981,What is the difference between destroy() and delete() methods in Laravel?,20329,40,how-to,framework api,
23401365,"Laravel ""At Least One"" Field Required Validation",9574,40,how-to,framework api,
30980906,Laravel 5.1 app and home.blade.php missing,7224,39,configuration,dependencies versioning,The Auth Scaffolding was removed from Laravel 5.1
20790922,Laravel Pass Parameter from Route to Filter,16226,39,how-to,framework api,
20746049,Is it possible to put a bootstrap glyphicon inside of a {{ Form::submit(' ')}} - Laravel,14874,38,how-to,display,
18951057,Escape raw SQL queries in Laravel 4,23694,38,how-to,database,
19923091,Avoid public folder of laravel and open directly the root in web server,41502,38,configuration,environment,
29548073,Laravel Advanced Wheres how to pass variable into function?,12024,38,how-to,framework api,
28747530,Laravel 5 Auth logout not working,15435,37,configuration,dependencies versioning,I started with Laravel 5.1 and updated to 5.2
19265237,Difference between View Composer and Creator in Laravel 4?,3299,37,how-to,framework api,
20931020,Laravel: Get Object From Collection By Attribute,37609,37,how-to,framework api,
23599584,How to manually create a new empty Eloquent Collection in Laravel 4,21124,37,how-to,database,
13059744,Where can I get a complete list of Laravel events (fired by the core libaries)?,6908,37,how-to,framework api,
16597392,How do you get the path to the Laravel Storage folder?,28066,37,how-to,others,
16541528,Laravel 4 - Eloquent. Infinite children into usable array?,9446,37,how-to,database,
16501010,How to organize different versioned REST API controllers in Laravel 4?,7050,36,how-to,framework api,
16635700,Laravel 4 upload image form,40303,36,how-to,framework api,
21580088,Laravel : Migrations & Seeding for production data,8200,36,how-to,database,
27599100,Phpunit tests gives warning no tests found in class,8051,36,how-to,framework api,
27230672,"Laravel, sync() - how to sync an array and also pass additional pivot fields?",13024,36,how-to,framework api,
23115291,How to make a REST API first web application in Laravel,25811,36,how-to,database,
25394476,How do I send an email with Laravel 4 without using a view?,10616,36,how-to,framework api,
24531312,Eloquent ->first() if ->exists(),30626,36,how-to,database,
23658479,Laravel Custom Model Methods,23715,35,how-to,framework api,
17034616,Laravel: Load method in another controller without changing the url,39260,35,how-to,framework api,
32652818,Laravel blade check empty foreach,10074,35,how-to,framework api,
15868804,Laravel 4 Artisan error when trying to install a bundle,19366,35,configuration,dependencies versioning,"If you're using Laravel 4,then bundles are no longer used"
30212390,Laravel Middleware return variable to controller,12907,35,how-to,framework api,
16633893,Using Eloquent ORM without Laravel,14992,34,how-to,database,
34529621,How to fix in laravel 5.2 zizaco entrust:migration class name validation?,5354,34,configuration,framework configuration,In MigrationCommand.php on line 86 remove and add lines.
17460157,Caching View Output in Laravel 4,11015,34,how-to,framework api,
17532449,How to get config data in laravel in a subfolder,17656,34,configuration,framework configuration,
17697247,laravel 4 artisan -- how to rollback to a specific migration state?,26003,34,how-to,database,
18747500,How to set a default attribute value for a Laravel / Eloquent model?,31546,34,how-to,database,
18339716,Why I'm getting 'Non-static method should not be called statically' when invoking a method in a Eloquent model?,41386,34,how-to,database,
19878319,Laravel 4 Auth - use md5 instead of the integrated Hash::make(),13546,34,how-to,framework api,
23336261,Laravel (Carbon) display date difference only in days,32164,34,how-to,display,
31131159,Laravel - Return json along with http status code,20135,34,how-to,framework api,
22906844,Laravel: Using try...catch with DB::transaction(),22458,33,how-to,database,
25031736,Laravel4 : The requested resource /admin was not found on this server,4368,33,configuration,framework configuration,
20932543,Laravel 4 - two submit buttom in one form and have both submits to be handled by different actions,17954,33,how-to,framework api,
20718291,Get whole language file array,9112,33,how-to,framework api,
17710897,How to use SHA1 encryption instead of BCrypt in Laravel 4?,14088,33,how-to,framework api,
15358227,Getting selected values from a multiple select form in Laravel,19862,33,how-to,framework api,
15081090,"Getting GET ""?"" variable in laravel",30253,33,how-to,framework api,
29897508,Switch in Laravel 5 - Blade,21326,33,how-to,framework api,
18341792,How to pass data to view in Laravel?,27971,32,how-to,framework api,
18322214,Laravel4 duplicate / copy table row,6076,32,how-to,framework api,
18592836,Eloquent collections: each vs foreach,19521,32,how-to,others,
18685321,"How to make Laravel return a View's ""Content-Type"" header as ""application/javascript""?",17256,32,how-to,framework api,
19102534,Laravel 4 - Route::resource vs Route::controller. Which to use?,20214,32,how-to,others,
24092234,Laravel 4.2 says my application is in production. How do I turn this off?,18302,32,configuration,framework configuration,$env = $app->detectEnvironment(array()).
39114249,Call to undefined method Illuminate\Database\Query\Builder::lists() when seeding after updating to Laravel 5.3,12273,32,configuration,dependencies versioning,Method lists' is removed in Laravel 5.3.
29115385,"How to Make Laravel Eloquent ""IN"" Query?",15983,32,how-to,database,
29169892,ErrorException in Filesystem.php,13190,32,configuration,environment,
25628754,Laravel nested relationships,9947,32,how-to,framework api,
22694289,"Call external API function from controller, LARAVEL 4",19215,32,configuration,missing file,
30590243,Using Laravel Socialite to login to facebook,21778,32,configuration,framework configuration,"In your composer.json add- ""laravel/socialite"": ""~2.0""."
25938294,Laravel - display a PDF file in storage without forcing download?,18000,31,how-to,display,
24109991,Cannot Install Laravel Package - Intervention Image,14508,31,configuration,missing file,
18603330,Can I group multiple domains in a routing group in Laravel?,10639,31,how-to,framework api,
17799148,how to check if a user email already exist,14042,31,how-to,framework api,
14791421,Laravel 4 database seed doesn't work,17959,31,how-to,database,
16520691,Consuming my own Laravel API,14631,31,how-to,framework api,
13197692,Laravel eloquent counting a relation,18493,31,how-to,database,
22426165,Laravel Soft Delete posts,26279,31,how-to,framework api,
14449912,Convention table names (with underscore),5989,30,how-to,database,
12479983,can't find mcrypt => Call to undefined function Laravel\mcrypt_create_iv(),70814,30,configuration,framework configuration,
14221444,Generate drop-down list input with values from DB table,13564,30,how-to,database,
30159257,Base table or view not found: 1146 Table Laravel 5,24900,30,how-to,database,
18424122,How to know if a query fails in Laravel 4?,14511,30,how-to,database,
18116261,"PHP Composer update ""cannot allocate memory"" error (using Laravel 4)",47428,30,configuration,environment,
19060459,Laravel 4 - File Upload,37180,30,configuration,framework configuration,You have to include the path to the /public directory in your variable $destination.
39137883,Laravel is not defined,4774,30,how-to,framework api,
39196968,laravel 5.3 new Auth::routes(),13976,30,how-to,framework api,
26174267,Convert laravel object to array,50527,30,how-to,framework api,
26346299,What's the correct way to set ENV variables in Laravel 5?,48751,29,configuration,framework configuration,
28795182,laravel/laravel vs laravel/framework,1657,29,how-to,framework api,
26724117,Laravel - Mass Assignment Exception error,15569,29,how-to,database,I am trying to save multiple rows to a table.
26778082,Laravel belongsTo returning null when using 'with',5675,29,how-to,framework api,
18909065,truncate all tables in laravel using eloquent,13257,29,how-to,database,
29687412,Laravel 5 Models Folder,11473,29,how-to,framework api,
21994590,Unable to execute Laravel artisan commands,35897,29,configuration,environment,
21633509,"""Reply-to"" field in Laravel mail is not working",7563,29,configuration,framework configuration,"You can set the ""From"" header in the config file."
34675057,Undefined Method in Request::all(),8283,29,how-to,framework api,
35030977,What is the difference between {{ }} and {!! !!} in laravel blade files?,2317,29,how-to,framework api,
31539727,Laravel password validation rule,12356,28,how-to,framework api,
34474224,Undefined variable: errors -- Laravel 5.2,16299,28,configuration,dependencies versioning,This is a breaking problem with the 5.2 upgrade
21694983,Laravel 4 Auth::attempt using either email or username and password,5107,28,how-to,framework api,
21255508,Select the first 10 rows - Laravel Eloquent,22038,28,how-to,database,
22027830,"Laravel 4, ->withInput(); = Undefined offset: 0",11550,28,how-to,framework api,
21909706,Laravel previous and next records,10191,28,how-to,framework api,
22413408,Install dependency (doctrine/dbal) on composer laravel,17309,28,configuration,missing file,
29886497,how to only use created_at in laravel,6541,28,how-to,database,
14219692,Laravel setup of migrations using Artisan is failing,6907,28,configuration,framework configuration,
12832207,Laravel application very slow when connecting to the database,8284,28,how-to,database,
18407208,"Why ""no such file or directory ... autoload.php"" when accessing Laravel app?",51700,28,configuration,environment,
18249260,Passing arguments to a filter - Laravel 4,10095,28,how-to,framework api,
17367159,Laravel Repositories,6046,28,how-to,others,
20179711,Detect changes when saving Laravel 4: Eloquent,14179,28,how-to,database,
20913606,Laravel 4.1: How to paginate eloquent eager relationship?,11922,28,how-to,database,
24404474,Change name of Laravel's created_at and updated_at,9105,28,how-to,framework api,
22946306,Mockery no matching handler for closure,4128,28,how-to,framework api,
34169038,Laravel won't pass my domain to the MailGun driver so I can't send mail,4824,28,configuration,framework configuration,
34308169,Eloquent ORM laravel 5 Get Array of ids,9865,28,how-to,database,
24627902,Laravel - Form Input - Multiple select for a one to many relationship,37196,27,how-to,framework api,
25040436,Guzzle: handle 400 bad request,11045,27,how-to,others,
28576088,Why am I getting this error with Laravel: PHP Catchable Fatal Error?,4718,27,configuration,framework configuration,
23709039,Laravel Homestead,12309,27,configuration,environment,
23625672,Laravel File Upload Validation,27942,27,configuration,framework configuration,
19775012,My composer won't update completely with Laravel 4 it gets stuck with artisan,25988,27,configuration,environment,
20474439,How to get all rows (soft deleted too) from a table in Laravel?,8600,27,how-to,database,
19307202,laravel 4: how to subtract one from current value of column when updating rows?,9905,27,how-to,database,
32475892,ReflectionException: Class ClassName does not exist - Laravel,21904,27,configuration,framework configuration,
32693528,"Expected response code 220 but got code """", with message """" in Laravel",19865,27,configuration,framework configuration,
30051970,How to use the request route parameter in Laravel 5 form request?,13622,27,how-to,framework api,
34548061,Laravel 5.2 Auth not Working,16706,27,how-to,framework api,
31871806,Laravel Homestead Swift Cannot send message without a sender address,20701,27,configuration,framework configuration,In your .env file you will need to set the email address and password of your email account.
21882662,backend/frontend separation in laravel,8390,26,how-to,framework api,
32489324,How to capitalize first letter in Laravel Blade,9115,26,how-to,framework api,
18727693,Laravel 4 - Redirect::route with parameters,32854,26,how-to,framework api,
18731653,Remove reationship from many-to-many models in laravel 4,10414,26,how-to,database,
35874482,Cannot create cache directory .. or directory is not writable. Proceeding without cache in Laravel,13241,26,configuration,environment,
27873777,How to get last insert id in Eloquent ORM laravel,43165,26,how-to,database,
28594076,Seed multiple rows at once laravel 5,11359,26,how-to,framework api,
28753767,Laravel 5 Class 'form' not found,35976,26,how-to,framework api,
24772531,Laravel Mail sending email but returning false,5990,26,how-to,framework api,
25877752,Laravel queue process timeout error,7760,26,configuration,environment,
26292718,Laravel get class name of related model,12919,26,how-to,framework api,
25558449,DomPDF: Image not readable or empty,15819,26,configuration,framework configuration,
26083175,Can I use Laravel's database layer standalone?,4064,25,how-to,database,
28866821,Call laravel controller via command line,10603,25,how-to,framework api,
29165410,How to join three table by laravel eloquent model,31832,25,how-to,database,
28714675,"Laravel 5 route not defined, while it is?",28757,25,how-to,framework api,
28645163,Laravel 5 - Defining middleware for multiple routes in controller file,5801,25,how-to,framework api,
22478135,Laravel 4 generate not working,7964,25,configuration,framework configuration,
31324801,Lumen: get URL parameter in a Blade view,15448,25,how-to,framework api,
27438817,Laravel 5 app always using 'testing' environment configuration,4370,25,configuration,environment,
36279871,Laravel 5.2 Session flash not working even with web middleware,3615,25,how-to,framework api,
17630490,Laravel 4 cannot run whole RAW queries,5902,25,how-to,database,
17835886,Laravel: Auth::user()->id tying to get a property of a non-object,101671,25,how-to,framework api,
16888698,Constructors on classes extending Eloquent,12454,25,how-to,database,
17285226,Adding classes/ids to forms in Laravel 4,21298,25,how-to,framework api,
32589426,Laravel 5 Seeder - multiple rows in DB,4939,25,how-to,database,
18954758,How to load view from alternative directory in Laravel 4,20322,25,how-to,others,
20019369,Laravel-4 how to populate select box from database with id value and name value,30649,25,how-to,database,
20292329,How to implement a self referencing (parent_id) model in Eloquent Orm,6233,25,how-to,database,
13370865,How to use Laravel events?,9535,25,how-to,framework api,
15281163,How to chain DB relationships in Laravel (multiple has_many?),12752,25,how-to,database,
31527050,Laravel 5 controller sending JSON integer as string,3259,25,configuration,missing file,
15653216,Combining AND/OR eloquent query in Laravel,10019,24,how-to,database,
21869223,create folder in laravel,19471,24,how-to,framework api,
34405138,Laravel 5.2 - pluck() method returns array,18583,24,configuration,dependencies versioning,
20412738,Laravel - Check if @yield empty or not,7430,24,how-to,framework api,
18934588,Json giving 301 Moved Permanently,6724,24,configuration,framework configuration,
19235910,How to get the values for a series of checkboxes in Laravel 4 controller (if checked),25532,24,how-to,framework api,
17011497,laravel - blade templates layout structure add row-fluid for each 4 spans,5043,24,how-to,framework api,
18331703,Handle checkboxes in Input::all() in Laravel 4,4134,24,how-to,framework api,
23917409,Laravel session data not sticking across page loads,5823,24,how-to,framework api,
30675025,Access to Laravel 5 app locally from an external device,4736,24,configuration,environment,
30660847,Laravel Socialite: InvalidStateException,11401,24,configuration,framework configuration,
28492394,Laravel 5 - Creating Artisan Command for Packages,3793,24,how-to,framework api,
28417977,Custom validator in Laravel 5,6777,24,configuration,dependencies versioning,I am upgrading my Laravel application from 4 to 5.
28459172,How do I get HTTP Request body content in Laravel?,15277,24,how-to,framework api,
25927700,"Laravel - Database, Table and Column Naming Conventions?",20275,24,how-to,database,
24597499,Laravel : Passing extra parameter on Collection filtering,5230,24,how-to,framework api,
28793716,How add Custom Validation Rules when using Form Request Validation in Laravel 5,20045,23,how-to,framework api,
29250377,How to show render time / page load time in laravel 4?,2704,23,how-to,framework api,
29163564,Pass a custom message (or any other data) to Laravel 404.blade.php,5302,23,how-to,framework api,
28481321,How to do a Left Outer join with Laravel?,10827,23,how-to,database,
30878105,Laravel 5 form request validation returning forbidden error,12077,23,how-to,framework api,
31088292,"Laravel php artisan db:seed leads to ""use"" statement error",7163,23,how-to,framework api,
23280458,How I can know if a folder exists before creating it in laravel?,18437,23,how-to,framework api,
17200933,Unset cookie Laravel 4,10326,23,how-to,framework api,
17329952,Laravel 4 CSRF on all POST requests,16783,23,how-to,framework api,
17584810,How to autoload 'libraries' in laravel 4?,19050,23,configuration,missing file,
19751576,Laravel foreach input all update fails because of form token,8045,23,how-to,framework api,
15007161,Query builder: passing argument to anonymous function,3858,23,how-to,framework api,
12448912,Apache Mod Rewrite For Laravel,27823,23,configuration,framework configuration,
30170268,Laravel 5 migration identifier name too long,4291,23,how-to,database,
30251065,Lumen make:command,6961,23,how-to,others,
12647424,Passing parameter to controller from route in laravel,54932,22,how-to,framework api,
14179758,How can I build a condition based query in laravel,16805,22,how-to,database,
13542688,Where to place menu logic in Laravel?,12267,22,how-to,framework api,
14524181,"Laravel 4: Multiple Tenant Application, each tenant it's own database and one global database",9737,22,how-to,database,
14540465,developing Laravel 3 and laravel 4,5774,22,how-to,framework api,
14688853,Check for Session timeout in Laravel,14746,22,how-to,framework api,
15933255,Where do I put event listeners and handlers?,10680,22,how-to,framework api,
15071191,Why does `catch (Exception $e)` not handle this `ErrorException`?,3378,22,how-to,framework api,
22192133,Laravel default mail not working,34011,22,configuration,framework configuration,
21242401,Delete items from Laravel Session array,15503,22,how-to,framework api,
20870032,Laravel-4 cron jobs,7420,22,how-to,framework api,
33163893,Laravel 5 Send Errors to Email,5315,22,how-to,framework api,
18084310,Laravel class not found with one-to-many,5060,22,how-to,framework api,
23770336,Laravel 4 Queue,2074,22,how-to,framework api,
27638487,Column not found: 1054 Unknown column laravel,13222,22,how-to,database,
27651808,Using number_format method in Laravel,19109,22,how-to,framework api,
22611251,How specifically does Laravel build and check a CSRF token?,10405,22,how-to,framework api,
22718903,Storing an array of data using Redis (from Laravel),9771,22,how-to,framework api,
36548005,PHP - Why Use Guzzle Instead of cURL?,3881,22,how-to,framework api,
26820788,"Add ""ON DELETE CASCADE"" to existing column in Laravel",8562,22,how-to,database,
29156192,How to perfrom delete operation on a Model in Laravel 5?,20003,22,how-to,database,
29189311,Laravel 5: Integrity constraint violation: 1452 Cannot add or update a child row: a foreign key constraint fails,12343,21,how-to,database,
25766894,Is it possible to pass a route parameter to controller constructor in Laravel?,5038,21,how-to,framework api,
25209302,"Check if row exists, Laravel",30344,21,how-to,database,
25329302,Laravel: Error [PDOException]: Could not Find Driver in PostgreSQL,87695,21,configuration,framework configuration,Be sure to configure the 'default' key in app/config/database.php.
26615793,"laravel blade, how to append to a section",16131,21,how-to,framework api,
27009483,How to create a text file and a JSON with laravel 4 framework?,11031,21,how-to,framework api,
23506286,Laravel data migrations,2248,21,how-to,framework api,
22747061,Laravel 4 Illuminate \ Database \ Eloquent \ MassAssignmentException error,8028,21,how-to,database,
23145245,Laravel Creating Dynamic Routes to controllers from Mysql database,17722,21,how-to,database,
31132270,Set SQLite as database for unit testing in Laravel 5.1,7468,21,configuration,framework configuration,You have to change the configs on the config/database.php file.
30686880,Laravel firstOrNew how to check if it's first or new?,8711,21,how-to,framework api,
18420069,What application structure to use with AngularJS and Laravel?,7823,21,how-to,others,
18562684,How to get database field type in Laravel?,6840,21,how-to,database,
19885907,Laravel paginate order by,12039,21,how-to,framework api,
21522677,Laravel 4 route with unlimited number of parameters,3052,21,how-to,framework api,
22387844,Laravel 4 - Redirect with flash message not working,8613,21,how-to,framework api,
14401468,Username as subdomain on laravel,6736,21,how-to,framework api,
34978828,Uncaught ReflectionException: Class log does not exist Laravel 5.2,8365,21,how-to,framework api,
31832819,How to access URL segment(s) in blade in Laravel 5?,16670,20,how-to,framework api,
15012712,Truncate string in Laravel blade templates,40666,20,how-to,framework api,
14201269,Routing to Controller fails in Laravel 4,10612,20,how-to,framework api,
16789285,Eloquent Nested Relation with Some Constraint,3201,20,how-to,database,
16116378,How do I namespace a model in Laravel so as not to clash with an existing class?,9789,20,how-to,framework api,
30154489,ajax post in laravel 5 return error 500 (Internal Server Error),25558,20,configuration,framework configuration,
22430716,Eloquent model mass update,15702,20,how-to,database,
21632835,Laravel route url with query string,24149,20,how-to,framework api,
34475093,Laravel 5.2 : csrf token doesn't work,16689,20,how-to,framework api,
34529146,Laravel 5.2 login session not persisting,5163,20,how-to,framework api,
19683380,Laravel 4 Form Text Input,15796,20,how-to,framework api,
19531058,Laravel 4: PHP Fatal error: Call to undefined method Illuminate\Database\Schema\,8675,20,how-to,framework api,
19938846,Set autoincrement initial value in Laravel 4,7378,20,how-to,database,
19141487,Laravel 4 Eloquent returns wrong ID,3265,20,how-to,database,
20546253,How to reset auto increment in laravel user deletion?,8592,20,how-to,database,
20208776,How to connect to mysql with laravel?,46691,20,how-to,database,
20311336,Laravel 4 : How are Facades resolved?,2427,20,how-to,framework api,
17837368,What's the difference between Arguments and Options?,3441,20,how-to,framework api,
17913929,Laravel view not found exception,27321,20,configuration,framework configuration,Make sure you have a file named: index.php or index.blade.php under your app/views directory.
27374613,Laravel / Intervention Image Class - class not found,17198,20,configuration,missing file,
24142246,Laravel's Input:all() ignores disabled inputs,1895,20,how-to,framework api,
23467424,Porting a non-framework PHP project to Laravel 4.x,1947,20,how-to,others,
28417796,Set session variable in laravel,31065,20,how-to,framework api,
28501077,PHPstorm - Unable to set breakpoints in blade.php files,1876,20,how-to,framework api,
34003284,How to check if row is soft-deleted in Eloquent?,2813,20,how-to,database,
25998397,"Laravel Excel , exporting from a model, styling issues",15636,20,how-to,others,
25705878,Where to put/how to handle enums in Laravel?,14907,20,how-to,framework api,
28848008,How change view folder in Laravel5?,4076,20,configuration,framework configuration,
29067388,Laravel5: View [app] not found. resources/views/auth/login.blade.php,9262,19,configuration,framework configuration,Probably there's no app.blade.php file in resources/views folder.
26363271,Laravel check for constraint violation,7833,19,how-to,database,
25438560,Disable laravel error handler,9760,19,configuration,framework configuration,set_error_handler(null)
24782960,Composer Update Laravel,39306,19,configuration,missing file,
28364496,Laravel 5 - Remove public from URL,59151,19,configuration,environment,Copy the .htaccess file from /public directory to your Laravel root folder.
26757452,Laravel Eloquent: Accessing properties and Dynamic Table Names,7534,19,how-to,database,
26680716,Laravel/Eloquent: Fatal error: Call to a member function connection() on a non-object,21179,19,how-to,database,
23018447,Laravel artisan optimize not creating bootstrap/compiled,4382,19,configuration,environment,php artisan optimize –force
30762464,Laravel 5.1 Localize Factory Seeder,2467,19,how-to,framework api,
31139284,Using vagrant and homestead for multiple sites and per project installation,7726,19,configuration,environment,
31248584,Can't catch Exception thrown by Carbon,1226,19,how-to,others,
24303003,Fill method in Laravel not working?,16945,19,how-to,framework api,
23996567,Laravel Response::json() with numeric check,4036,19,how-to,framework api,
28114434,Running PHPUnit in Laravel's Homestead,5066,19,configuration,missing file,
17899755,Laravel 4 validator for password field in edit account,7119,19,how-to,database,
16984519,Changing Log Levels in Laravel 4,5773,19,configuration,framework configuration,
18199756,Laravel 4 - Trouble overriding model's save method,12561,19,how-to,framework api,
32795154,Laravel 5 Class 'Collective\Html\HtmlServiceProvider' not found on AWS,16728,19,configuration,missing file,
18047844,Why does phpunit not show any errors in the console,8849,19,configuration,environment,
20579182,Laravel and view caching in development -- can't see changes right away,18547,19,configuration,environment,
20923931,Laravel 4 - Trying to get property of non-object,24180,19,how-to,framework api,
20731606,Laravel Eloquent inner join with multiple conditions,24614,19,how-to,database,
18939549,php laravel blade template not rendering,17562,19,how-to,framework api,
19038779,counting the amount of rows returned with a query in laravel,26626,19,how-to,database,
19835996,"Laravel 4, Multiple Polymorphic Relations from one Model",4401,19,how-to,database,
19612180,Creating search functionality with Laravel 4,27866,19,how-to,framework api,
34673729,Laravel changes created_at on update,5518,19,configuration,environment,
22275538,Setting up Laravel project with Git,13222,19,configuration,framework configuration,
22302472,Laravel set between digits in validation,12367,19,how-to,framework api,
21645475,Laravel-4.1 timestamps() issue,7163,19,how-to,framework api,
21589622,Laravel Eloquent: How to automatically fetch relations when serializing through toArray/toJson,4633,19,how-to,database,
21305111,How to create a database-driven multi-level navigation menu using Laravel,9987,19,how-to,database,
29775032,Laravel retrieve binded model in Request,2452,19,how-to,framework api,
8856664,Setting up Laravel w/ Nginx,9101,19,configuration,framework configuration,
14902589,Where do I put Laravel 4 helper functions that can display flash messages?,21506,19,how-to,display,
14704998,Laravel image gallery logic,5362,19,how-to,others,
14265996,Generate Controller and Model,52241,19,how-to,framework api,
11791375,Laravel routes not working?,68270,18,how-to,framework api,
29759978,Laravel Model->save() returns false but no error,10454,18,how-to,database,
29704848,Laravel 5 Class 'App\Http\Controllers\File' not found,15144,18,configuration,framework configuration,
30186169,Laravel Request input() or get(),10356,18,how-to,framework api,
21735527,laravel trailing Slashes redirect to localhost,5541,18,configuration,framework configuration,Change your code to this:
31516762,How to set cookies in laravel 5 independently inside controller,12203,18,how-to,framework api,
31546081,"Laravel 5 Querying with relations causes ""Call to a member function addEagerConstraints() on null"" error",2616,18,how-to,framework api,
20309033,Find or Create with Eloquent,22373,18,how-to,database,
32036882,Laravel: validate a integer field that needs to be greater than another,10328,18,how-to,framework api,
18040739,Deploying a Laravel 4 app on AWS Elastic Beanstalk,7407,18,configuration,environment,
17974231,Laravel 4 Validation - Nested Indexed Arrays?,6103,18,how-to,framework api,
18329541,Where to place Blade::extend,12073,18,how-to,framework api,
18639720,Installing Laravel on MAMP,14134,18,configuration,environment,
17748655,"Laravel 4 Eager Loading ""Undefined Property""",5641,18,how-to,framework api,
17512407,Laravel 4: protecting routes provided by a controller,5327,18,how-to,framework api,
36208460,hasMany vs belongsToMany in laravel 5.x,3544,18,how-to,database,
24223286,Artisan::call('migrate') not working after upgrading Laravel to 4.2,4836,18,configuration,dependencies versioning,
31206864,Use different PHP version CLI executable for one command,12259,18,configuration,dependencies versioning,
41255750,How does laravel store and process the requests?,269,18,how-to,framework api,
23411520,How to fix Error: laravel.log could not be opened?,22878,18,configuration,environment,
24672629,Laravel ORM from self referencing table get N level hierarchy JSON,4409,18,how-to,database,
24994640,Laravel hasManyThrough,4578,18,how-to,database,
25930841,Laravel: getting a a single value from a MySQL query,23828,18,how-to,database,
28976658,Laravel 5.0 IN Validation. Validation by ENUM values,3480,18,configuration,framework configuration,"DEFAULT,SOCIAL."
28794861,Adding a new config file in Laravel 5 not working,5245,17,configuration,framework configuration,
28787293,Run this raw SQL in migration,5234,17,how-to,database,
29173028,How to send mail after Laravel 5 default registration?,11277,17,how-to,framework api,
29348326,Max files in Laravel 5 logs,2227,17,configuration,dependencies versioning,It is now possible since Laravel v5.0.23.
25973095,Getting count from pivot table in laravel eloquent,5625,17,how-to,database,
26146719,Use Laravel to Download table as CSV,20640,17,how-to,framework api,
34009844,GD Library extension not available with this PHP installation Ubuntu Nginx,6268,17,configuration,missing file,
23396138,Laravel Eloquent Model Attributes,18139,17,how-to,database,
23328301,Laravel Eloquent LEFT JOIN WHERE NULL,41244,17,how-to,database,
23073214,Laravel Query Builder where max id,23783,17,how-to,database,
22758819,Laravel whereIn OR whereIn,24922,17,how-to,database,
22596587,Issue with Laravel Rules & Regex (OR) operator,17338,17,how-to,framework api,
22460066,Laravel - last login date and time timestamp,12779,17,how-to,framework api,
30631635,"Laravel 5 syntax error, unexpected 'extends' (T_EXTENDS)",3637,17,how-to,framework api,
37532131,How to drop softDeletes from a table in a migration,1107,17,how-to,database,
28297892,"Laravel Homestead: ""VM not created.. moving on""",6305,17,configuration,environment,
28677602,AngularJS + Laravel 5 Authentication,6198,17,how-to,framework api,
23612221,How to exclude certains columns while using eloquent,6320,17,how-to,database,
39301589,"Laravel 5.3 Creating Models Returns ""Field doesn't have a default value""",3528,17,configuration,framework configuration,Update your config/database.php file and set 'strict' => false for your connection.
27877948,Check if laravel model got saved or query got executed,13432,17,how-to,framework api,
18839216,Download file from Amazon S3 with Laravel,5593,17,how-to,framework api,
18491760,"New to Laravel PHP framework. Routes other than ""/"" doesn't work",8887,17,how-to,framework api,
20340097,Laravel save many-to-many relationship in Eloquent mutators,6474,17,how-to,database,
20763365,How do I add HTML 5 type attribute to laravel blade?,13331,17,how-to,framework api,
19458154,Laravel to send email for logging instead of writing to storage,7190,17,how-to,framework api,
20498524,Deleting queued jobs in laravel,12485,17,configuration,environment,sudo service beanstalkd restart.
33027047,What is the difference between find() findOrFail() first() firstOrFail,3174,17,how-to,framework api,
31489626,How to change the environment in Laravel 5.1?,7468,17,configuration,framework configuration,
22023048,Laravel 4 and the way to deploy app using FTP,13765,17,configuration,framework configuration,
12087098,How to find entry using name in eloquent Laravel?,30568,17,how-to,database,
13297278,Laravel - Using (:any?) wildcard for ALL routes?,34710,17,how-to,framework api,
14192750,"Getting ""Class HTML not found"" error in Laravel 4",12033,17,how-to,framework api,
14200516,Controller::detect() undefined in Laravel 4,3541,17,configuration,dependencies versioning,This function has been removed in Laravel 4.
13491536,How do I run migrations for a specific environment in laravel,7789,17,how-to,database,
13746199,How to retrieve a result set from a raw query as an array instead of an object in Laravel 3,38779,17,how-to,database,
16002860,Laravel 4 file upload,19091,17,how-to,framework api,
16116212,"Laravel - syntax error, unexpected end of file",16867,17,how-to,framework api,
16851069,Processing Login with Sentry 2,5761,17,how-to,others,
16847761,Laravel 4 Nested Controllers and Routing,9288,16,how-to,framework api,
16733957,How to echo to console in Laravel and Artisan?,8628,16,how-to,display,
13860162,Dynamic urls in laravel?,10919,16,how-to,framework api,
14948329,Accessing package controllers in Laravel 4,10170,16,how-to,framework api,
29666172,"Laravel is ""listening"" to index.php string anywhere in the URL",2526,16,how-to,framework api,
22430529,laravel regex validation not working,21820,16,how-to,framework api,
19360931,Laravel 4 - set database.fetch config at runtime,5110,16,how-to,framework api,
19681854,Replacement for File::mime() in Laravel 4 (to get mime type from file extension),16203,16,how-to,framework api,
20111287,How to save/redirect output from Laravel Artisan command?,4598,16,how-to,framework api,
20771239,How to display a readable array - Laravel,48228,16,how-to,display,
18832260,Laravel 4 Form passing 2 parameters,15489,16,how-to,framework api,
17132577,Laravel 4 - Catch errors,17254,16,how-to,framework api,
39194917,How to use Laravel Passport with a custom username column,1485,16,how-to,framework api,
24424607,Laravel 4 session doesn't expire after lifetime limit,4357,16,configuration,framework configuration,
24469122,Laravel belongsTo not working,16280,16,how-to,database,
35695949,Why are Form and HTML helpers deprecated in Laravel 5.x,1686,16,how-to,others,
28538577,How can I use sentry with laravel 5?,12692,16,configuration,environment,
28719966,Laravel 5 How to switch from Production mode,14066,16,configuration,framework configuration,APP_ENV=development
26704575,Laravel: order by where in,2586,16,how-to,database,
26844484,Laravel route pass variable to controller,18526,16,how-to,framework api,
30457184,Get primary key of Eloquent model instance,5307,16,how-to,database,
30686266,How to include csrf_token() in an external js file in Laravel?,3666,16,how-to,framework api,
30804201,What is the best practice to create a custom helper function in php Laravel 5?,8907,16,how-to,framework api,
22495130,"Laravel ""undefined method Illuminate\Database\Query\Builder::attach()""",13485,16,how-to,database,
22884898,Insert Laravel model with multiple foreign keys,3196,16,how-to,database,
23083572,Merge and Sort two Eloquent Collections?,11954,16,how-to,database,
36777840,How to validate phone number in laravel 5.2?,10930,16,how-to,framework api,
25777389,Homestead: Folder mapping to the wrong document root,6200,16,configuration,environment,
25695408,Laravel 4.2: Include a PHP file (library) into controller,15079,16,configuration,missing file,
29309615,Route to controller in subfolder in Laravel 5,7936,16,how-to,framework api,
28970105,login event handling in laravel 5,11913,16,how-to,framework api,
29346743,Laravel 5 - session doesn't work,9118,15,how-to,framework api,
26160661,Can't get Laravel associate to work,6940,15,how-to,framework api,
26274704,PHPStorm autocomplete twig vars,3060,15,how-to,framework api,
34099777,Laravel 5.1 validation rule alpha cannot take whitespace,4972,15,how-to,framework api,
25442595,Where and If Statements Laravel Eloquent,5458,15,how-to,database,
25148662,How do I write to the console from a Laravel Controller?,20181,15,how-to,display,
36761778,"How to resolve the error ""[ErrorException] file_get_contents(/var/www/laravel/.env): failed to open stream: No such file or directory""?",7497,15,configuration,environment,
36510327,zsh: command not found laravel,1498,15,configuration,environment,
26958080,How to alias the name of a column in Eloquent,9043,15,how-to,database,
26958137,Laravel difference between resource.create and resource.store,2110,15,how-to,framework api,
27298426,How To Pass GET Parameters To Laravel From With GET Method ?,40156,15,how-to,framework api,
27358423,Laravel First Or New,7749,15,how-to,framework api,
37432641,How to validate on max file size in laravel?,7722,15,how-to,others,
27319560,Cannot use Illuminate\Routing\Controller as Controller because the name is already in use,7252,15,how-to,framework api,
37153903,How to get First and Last Day of Previous Month with Carbon - Laravel,2874,15,how-to,others,
28392436,Adding fields to Laravel 5 authentication don't get inserted into the database,4332,15,how-to,database,
24208502,Laravel OrderBy relationship count,7377,15,how-to,database,
27614936,Laravel Rule Validation for Numbers,19430,15,how-to,framework api,
17009465,Why is my debug data unformatted?,6655,15,configuration,environment,Add raveren/kint to your composer.json
17697575,Laravel controller construct,11540,15,how-to,framework api,
17893495,Laravel: how do I pass a value from a form to a controller?,12162,15,how-to,framework api,
18804356,"Laravel 4 - route is not defined, on redirect",15061,15,how-to,framework api,
18070400,Laravel 4 Remember me expire time,6869,15,how-to,framework api,
18178092,Column Name Conflict on Laravel 4 Fluent Query Builder,3351,15,how-to,database,
18162351,Laravel 4: Stock Auth login won't persist across pages,3866,15,how-to,database,
20273956,Set locale on the fly in laravel4,8294,15,configuration,framework configuration,App::setLocale('en')
19955793,Migrating users table with hashed password from old php app to new laravel app,2993,15,how-to,database,
19616720,Laravel - Paginate and get(),9409,15,how-to,framework api,
32942379,Global variable in laravel controller,10425,15,how-to,framework api,
33311771,laravel and multi-sessions from the same browser,3633,15,how-to,others,
34420761,Laravel 5.2 not reading env file,10597,15,configuration,environment,After upgrading to Laravel 5.2.
34518766,Cannot install global homestead: Your requirements could not be resolved,1666,15,configuration,environment,
21994396,Laravel - Generating bootstrap/compiled.php without invoking the composer dump-autoload --optimize,7027,15,configuration,environment,php artisan optimize –psr
22328629,Laravel 4.1 _token error on form submit,6398,15,how-to,framework api,
21053231,Laravel error in /bootstrap/start.php: \Illuminate\Foundation\Application not found,12779,15,configuration,framework configuration,composer install
21644524,Laravel redirect with data not working,9178,15,how-to,framework api,
34896236,Laravel where has passing additional arguments to function,1774,15,how-to,framework api,
30002608,How can I redirect with old input in Laravel?,17105,15,how-to,display,
29891315,Laravel 5 adding HTML to email,5597,15,how-to,framework api,
29739745,Laravel Blade passing variable with string through @include causes error,10100,15,how-to,others,
