Post Link,Post Title,Post Views,Answer Score,Category,Subcategory,Comment
12238382,How to stop Meteor?,27911,73,configuration,environment,kill -9 `ps ax | grep node | grep meteor | awk '{print $1}'
39153477,"How do I resolve this Error: ENOENT: no such file or file or directory, open '/tmp/mt-1miyjxv/os.json' at error native?",3017,45,configuration,environment,sudo -i gedit /etc/hosts
10165978,How do we or can we use node modules via npm with Meteor?,14787,44,configuration,environment,meteor npm install --save moment
11009971,How can I add third-party JavaScript libraries to a Meteor application?,34389,37,configuration,framework configuration,You add jQuery to your Meteor project explicitly.
23409551,Where are meteor's installed packages located?,7806,24,how-to,others,
13150826,Using AngularJS with MeteorJS,6519,22,how-to,framework api,
21759662,file is being assigned a //# sourceMappingURL but already has one,43031,20,configuration,environment,
36498824,Meteor JS Uncaught ReferenceError: Session is not defined,3006,17,configuration,missing file,
38339780,Score 100 on Google PageSpeed Insights using Meteor (ie. a web-app landing page),788,17,how-to,framework api,
36434899,How to handle Meteor Data that requires state from child component?,1548,16,how-to,framework api,
27693329,Meteor: change a user password WITHOUT logout?,5508,15,configuration,environment,meteor remove accounts-password
31222308,"MongoDB returns error ""Can't canonicalize query"" for sort function",2424,15,how-to,database,
13750854,How to render nested collections in Meteor?,5928,15,how-to,framework api,
10112930,Setting simple events in meteor,25374,15,how-to,framework api,
11680710,Should I use Meteor.startup() or $(function() {}),8828,14,how-to,framework api,
12023901,How do I use a variable as a field name in a Mongo query in Meteor?,5274,14,how-to,framework api,
15330515,How Do I Define a Global Template Helper Function?,6229,14,how-to,framework api,
15763518,How do I remove an item from a lists collection in Meteor?,13348,14,how-to,framework api,
20088876,Returning value from callback within Meteor.method,6329,14,configuration,missing file,package called Future
25344444,Best Model for Representing Many to Many relationships with attributes in MongoDB,1885,14,how-to,others,
25722933,"Meteor - how do I make this ""reactive"" using Deps?",3728,14,how-to,framework api,
26925096,Meteor - Stop Tracker Autorun when Template is Destroyed (user leaves page),2980,14,how-to,framework api,
27412743,How to periodically update a variable using meteor,1750,14,how-to,framework api,
26944421,Jquery-UI sortable list not playing nice with reactive updates in Meteor template,972,13,how-to,framework api,
28670444,How can I use if condition on the meteor template?,11542,13,how-to,framework api,
29302940,Meteor Collection Document IDs: Random.id() or Meteor.Collection.ObjectID(),9175,13,how-to,framework api,
24743402,How to get an async data in a function with Meteor,5170,13,how-to,framework api,
21148618,How to stop and restart collection observers in Meteor?,1243,13,how-to,framework api,
19848893,Meteor + Bootstrap 3 Glyphicons not working,3902,13,configuration,framework configuration,Meteor as a separate entities should be placed inside /public directory.
18142805,Is Meteor backend code always available on client-side?,1434,13,configuration,framework configuration,If you want to keep server side code on the server you have to restructure your root directory:.
11770613,Using Jquery $(this) in Meteor,3221,13,how-to,framework api,
13736415,Prevent page reload on form Button click in meteor?,6256,13,how-to,framework api,
14074434,How do you conditionally send data to the client in Meteor?,3323,13,how-to,framework api,
13005890,Meteor set overall template context,2087,12,how-to,framework api,
14947668,How do I clear the collection or the comments and names on the screen from the console,3511,12,how-to,framework api,
17728386,"Meteor findOne query returns undefined in one template helper. In other template helpers, same query works well",7687,12,how-to,framework api,
16682792,how to manipulate returned mongo collections / cursors in javascript (meteor.js)?,13104,12,how-to,database,
20502638,Meteor Subscribe and Display Users Count,5239,12,how-to,framework api,
20607866,How can I delete a meteorite (atmosphere) package?,9773,12,configuration,environment,mrt remove package_name
21657960,Bootstrap-3 Meteor event on radio buttons,3231,12,how-to,framework api,
25674736,Return Meteor.http results in method,2755,12,how-to,framework api,
26084419,Meteor: User Profile Page with Iron Router,3697,12,how-to,framework api,
28015319,Meteor / Iron Router external redirection,2852,12,how-to,framework api,
31369872,"Meteor won't start -- fibers/futures.js throws error ""Error: SQLITE_CORRUPT: database disk image is malformed""",2777,12,configuration,environment,rm -rf ~/.meteor/package-metadata
31910046,Meteor Velocity with Jasmine not returning expecting result?,109,12,how-to,others,
31906804,Meteor.call checking array parameter,1326,11,how-to,framework api,
28369798,Compare template helper values in Spacebars {{#if}} block,1124,11,how-to,framework api,
26836390,How can I access constants in the lib/constants.js file in Meteor?,6341,11,configuration,framework configuration,You will need to make them global variables in order for other files to see them
28633187,Avoiding Callback Hell with Multiple Meteor Method calls on Client,2595,11,how-to,framework api,
29279287,In meteor app how to add orgin=* in cordova config.xml?,3213,11,configuration,framework configuration,Create a mobile-config.js file in your root meteor project.
28843646,Return array item by index in a meteor spacebars template,3112,11,how-to,language,
29305109,Meteor.js Cordova Error: ERROR whitelist rejection,1914,11,configuration,environment,meteor run ios-device
29839755,How to access global variables in Meteor template without using a helper?,3568,11,how-to,framework api,
22004412,How to Use User JSON file in Meteor?,4762,11,how-to,framework api,
25486954,Meteor rendered callback and applying jQuery Plugins,3197,11,how-to,framework api,
25120064,Both folder vs lib folder meteor,2757,11,how-to,others,
17755385,Meteor: Hide or remove element? What is the best way,8989,11,how-to,framework api,
10098813,Is the Meteor JS framework compatible with Google App Engine?,5753,11,how-to,others,
10234725,How Do I Access an Object's Properties From a Template?,7381,10,how-to,framework api,
17847748,Execute Java classes with Node JS (Meteor JS),901,10,how-to,others,
11780116,Javascript arrays and Meteor session,4954,10,how-to,framework api,
14219222,Meteor display array inside a collection,2732,10,how-to,framework api,
15698678,How do I modify a template instance from an event handler in Meteor without Session?,3459,10,how-to,framework api,
18114431,Is it possible to determine if a Meteor method was called by the server,847,10,how-to,framework api,
18712225,is there a canonical meteor.js forms package?,2229,10,how-to,framework api,
18535191,Export MongoDB collection to CSV or XLSX with Meteor/JavaScript,3617,10,how-to,framework api,
11775380,In Meteor how can I create a generic event handler?,5467,10,how-to,framework api,
23754969,Why does Meteor use EJSON and not BSON directly?,894,10,how-to,database,
21775615,How to Load Array values to Template Variable in Meteor JS?,6346,10,how-to,framework api,
22649600,unable to add roles to user with meteor using 'roles' package,6891,10,how-to,framework api,
22704563,"Meteor 0.8.0 update throws out a ""non function"" error",1464,10,how-to,framework api,
22711762,Meteor: Find document with highest value,1610,10,how-to,framework api,
30687879,Best way for retrieve custom data attribute from event in Meteor?,8370,10,how-to,framework api,
30459983,Can I grab the current template within the javascript console?,257,10,how-to,others,
28648326,Encryption in Meteor,3102,10,how-to,framework api,
28685163,Meteor-AutoForm: How to update select options based on another control,4911,10,how-to,framework api,
25940806,meteor - Synchronizing multiple async queries before returning?,1601,10,how-to,framework api,
28122091,MongoDB $addtoSet and $set in the same operation,2870,10,how-to,database,
27948046,Meteor - Publish just the count for a collection,2346,10,how-to,framework api,
32833837,Meteor: onRendered event on image possible?,425,10,how-to,framework api,
25880163,Discover Meteor - mrt add bootstrap - Install Error,2000,9,configuration,environment,meteor add twbs:bootstrap
26692789,Totally confused about this.next() in Meteor iron-router,4416,9,how-to,framework api,
30383596,Error with Future.js in Meteor Application,3245,9,configuration,environment,"I would stop your app, then just delete the build folder mentioned and then restart meteor."
30442669,MeteorJS check if template instance has a DOM,912,9,how-to,framework api,
29197247,How Do I Make A Meteor Helper Non-Reactive?,1582,9,how-to,framework api,
36355808,Meteor: Session is not defined,1356,9,configuration,environment,meteor add session
38484490,React-router: TypeError: Cannot set property 'props' of undefined,882,9,how-to,framework api,
22417555,Meteor cursor.map(): GOTCHA How do I extract just one element multiple times?,3147,9,how-to,framework api,
21010517,Automatically load settings.json on starting Meteor.js,4265,9,configuration,environment,
23164266,"Fetching items from a Meteor collection on the server throws ""Can't wait without Fiber""",3580,9,how-to,framework api,
25532754,Meteor.user().profile returns 'profile' undefined,3591,9,how-to,framework api,
25581301,"Meteor 0.9 Modulus deployment doesn't work - ""Cannot find module 'fibers'""",6890,9,configuration,environment,In Meteor < 0.9 you had to run npm install at the root of the bundle to get npm modules installed.
17514303,Unable to load javascript library into Meteor app,2658,9,configuration,framework configuration,Would you please try to put the library file into the client/compatibility subdirectory.
18007014,Meteor: Could a race condition happen with Meteor.collections on server side?,1247,9,how-to,others,
18844765,Populating Bootstrap grid with dynamic data using #each in Meteor,4413,9,how-to,framework api,
18578556,What is best practice for app/user settings in Meteor.js?,3962,9,how-to,others,
20584822,Error: No Such Package when bundling Meteor.js app,2206,9,configuration,environment,Run mrt update first
20313406,meteor js how to write a file to disk from the server,5947,9,configuration,framework configuration,ROOT_APP_PATH__ = fs.realpathSync('.')
16644780,How to exclude directories/files from Meteor's bundler,3467,9,how-to,framework api,
17932449,"I want to use Meteor.setInterval() to update a time-template, it doesnt work",8405,9,how-to,framework api,
10442419,"What causes ""Template is not defined"" in Meteor?",13126,9,how-to,framework api,
10544683,load audio file in Meteor app,859,9,how-to,framework api,
12956438,Accessing MongoDB collection values in JavaScript,12669,9,how-to,database,
14086958,What's a good way to handle flash notifications in meteor (with meteor-router)?,3116,9,how-to,others,
14106994,Cannot read property 'profile' of undefined in meteor.JS function?,5886,9,how-to,framework api,
14268672,Meteor template updating,6380,8,how-to,framework api,
14167394,Ideal way of doing infinite scroll and real time updates in Meteor,4596,8,how-to,framework api,
14826424,How to choose the right javascript framework and how to get started?,3457,8,how-to,others,
14433254,Using the Meteor.settings feature,7962,8,configuration,environment,
15301350,How do you run Meteor on Windows 8?,5961,8,configuration,environment,
17592094,Meteor http get call,5978,8,configuration,framework configuration,
17788366,Defining variable in Meteor.js,2823,8,how-to,framework api,
17007891,how do you run a mongo shell script with a deployed meteor app?,2570,8,how-to,database,
20153388,Meteor's accounts-ui-bootstrap-3 {{loginButtons}} not displaying,7436,8,configuration,dependencies versioning,"After installing bootstrap-3 and accounts-ui-bootstrap-3, login widget did not appear. Solution: type meteor remove accounts-ui"
22778163,Meteor with blaze UI.Insert to specific div,2458,8,how-to,framework api,
22028735,Filtering a collection in Meteor.js by a date range or word filter,4821,8,how-to,framework api,
22448218,iron-router notFound template not working in meteor,1660,8,how-to,framework api,
22055536,Meteor breaks after update to 0.7.1.1 Cannot call method 'split' of undefined,539,8,configuration,environment,
33510951,Meteor: ReactiveVar vs ReactiveDict,1262,8,how-to,others,
29832371,Meteor + Materialize: collapsable in for each doesn't work,1440,8,how-to,framework api,
28950627,setTimeout in Phantom.js,7114,8,how-to,framework api,
29311871,How to hide/show element in Meteor?,4527,8,how-to,framework api,
30644730,Account onLogin hook Meteor loop,507,8,how-to,framework api,
30204661,Insert field with $currentDate to MongoDB collection in Meteor,6728,8,how-to,database,
30692325,"Meteor templates, check if value equals string",4031,8,how-to,framework api,
26851878,"Meteor, Iron:Router Passing Multiple Properties on Router.go",5177,8,how-to,framework api,
27401519,Meteor: RangeError: Maximum call stack size exceeded,2451,8,how-to,framework api,
27804363,"Meteor, Modulus and secure websockets",804,8,how-to,others,
27714618,Server side routes in Iron Router and Meteor,3866,8,how-to,others,
28203366,Meteor.js: How to retrieve data attribute of parent element of an event object?,4669,8,how-to,framework api,
28334886,Meteor currentUser,11384,8,how-to,framework api,
28535863,"Meteor, How do I change a template (view) on event?",2100,8,how-to,framework api,
32876484,Close modal which has been created in another event function,264,8,how-to,framework api,
32036994,Phaser.js : cannot read property '0' on tiled map layer,748,8,configuration,environment,
31764242,How do you pass arguments to Blaze components programmatically?,377,8,how-to,framework api,
31504801,jQuery is not defined' in Meteor app?,2599,8,configuration,framework configuration,The solution is to place custom.semantic.json in an app folder.
31660369,How to return value on Meteor.call() in client?,3250,8,how-to,framework api,
31282522,How do I iterate over an array of Strings with the Meteor Spacebars {{#each}} block?,532,8,how-to,framework api,
31061174,Pushing object into array using MongoDB syntax and SimpleSchema validation,378,7,how-to,database,
31131127,Bulk create in Meteor,512,7,how-to,database,
31436289,How do I scroll to the bottom of a div as data is added in Meteor?,1264,7,how-to,framework api,
31685359,Make Meteor method synchronous,3397,7,how-to,framework api,
31707846,How do I log outbound HTTP requests in Meteor?,419,7,configuration,environment,
32608681,Structure role-management in meteor-app with alanning:roles,548,7,configuration,environment,
28554221,Meteor + autoform example requested,1630,7,how-to,others,
28159288,Unsupported grant type error when requesting access_token on Spotify API with Meteor HTTP,2304,7,how-to,framework api,
27702162,"Scroll to element on page using the elements id, Meteor",2225,7,how-to,framework api,
26913198,Meteor helper called multiple times by single template variable,2459,7,how-to,framework api,
26743323,Meteor Iron Router How to get POST data,3313,7,how-to,framework api,
26010749,how to integrate TinyMCE and CKEditor in Meteor JS?,2132,7,configuration,environment,Your public folder should have a directory named ckeditor it should contain contain the following files and folders.
30417066,What is the difference between Template.created and Template.onCreated in Meteor?,1635,7,how-to,framework api,
30682877,Extending Braintree hosted fields - Paypal & CC type,1992,7,how-to,framework api,
31001958,How can I populate a dropdown menu with Mongodb in Meteor javascript?,2195,7,how-to,database,
30116830,Meteor ReactiveVar - TypeError: Cannot call method 'set' of undefined,807,7,how-to,framework api,
30170742,How can I reverse the ordering of spacebars #each block,430,7,how-to,framework api,
30431778,ObjectId in simpleSchema or collection2,689,7,how-to,database,
28970775,Set Meteor Reconnect Time,660,7,how-to,framework api,
29753641,Make Meteor Reactive to Specific Subitem of Meteor.user(),467,7,how-to,framework api,
29411570,How to pass parameters to template event in meteor?,5409,7,how-to,framework api,
29576649,How do I install Meteor Atmosphere packages locally so I can make modifications to it?,1263,7,configuration,environment,
36642262,Meteor validated method not found,713,7,how-to,framework api,
36768454,Meteor 1.3 autoform / quickform error,568,7,how-to,framework api,
33472853,I am not able to toggle between classes,53,7,how-to,framework api,
21924270,Adding Fields to a Meteor Cursor,1239,7,how-to,framework api,
21962668,Meteor package load order,1914,7,how-to,others,
21182805,Meteor.publish callback requires wrapping in Fiber,1688,7,how-to,framework api,
22180545,"Meteor,issues with regex in mongodb",2027,7,how-to,framework api,
22730481,Bootstrap Popover + Meteor JS click event,2785,7,how-to,framework api,
22945988,How to select Multi Check Boxes in HTML using Meteor?,3186,7,how-to,framework api,
22789821,Meteor 0.8 Blaze how to update rendered changes for Jquery plugins,2177,7,how-to,framework api,
22702305,Banning system with Meteor accounts?,1315,7,how-to,framework api,
25045783,Meteor DDP: How to get notified when a NEW document is added to a Collection,1407,7,how-to,framework api,
25345685,Getting started with Meteor: Show/Hide Templates on click,4261,7,how-to,framework api,
23772693,Meteor publish subscribe is not reactive,3335,7,how-to,framework api,
25028346,Add Meteor login google oauth,1103,7,configuration,environment,
24391691,I am trying to send a email in meteor with process.env and smtp gmail,5306,7,how-to,framework api,
18947266,Meteor.js Publishing and Subscribing?,2155,7,how-to,framework api,
18857665,How to access app hosted on meteor.com by DDP (WebSocket) protocol?,3243,7,how-to,others,
18678924,Error: Cannot find module 'underscore' thrown in console for all Meteor commands,4403,7,configuration,environment,I was able to resolve this error by completely uninstalling / reinstalling meteor.
13968383,"While the meteor app is running, what are some ways of executing arbitrary code on the server side?",1163,7,how-to,framework api,
14823783,How to disable Hot Code Push in Meteor JS in Development?,1087,7,how-to,framework api,
13785312,Meteor's Email is undefined,1410,7,how-to,framework api,
18503656,Using variables in MongoDB update statement,5786,7,how-to,database,
16799455,How To Delete Mongo Object (nested 2 arrays down) without knowing its position?,1892,7,how-to,database,
16605549,Can't add user attribute using Accounts.onCreateUser,3070,7,how-to,framework api,
13544333,How to track the number of anonymous users server-side in Meteor?,2339,7,how-to,others,
17852691,Installing Meteor on Windows 7 with cURL,6505,7,configuration,environment,Meteor doesn't yet support Windows officially.
17923290,Picking up meteor.js user logout,6449,7,how-to,others,
18155432,Meteor: How to trigger reRun of helper function after collectionHandle.ready() is true,3258,7,how-to,framework api,
15233942,Mastering external scripts loading order in Meteor (Google Maps),5820,7,how-to,others,
14130310,How do you change the reset password URL in meteor?,7107,7,how-to,framework api,
11071895,Are Meteor apps indexable by search engines?,1586,7,how-to,others,
10152418,Where does meteor install on Mac?,4461,7,how-to,others,
10587964,Where do we put node modules we install by npm in a Meteor project?,7190,6,configuration,framework configuration,
10936675,meteor on armv6l (raspberry pi),1946,6,configuration,environment,
12969604,hasNext not working on collection in javascript,3171,6,how-to,framework api,
12982578,Meteor Page Re-rendering with Backbone router,1818,6,how-to,framework api,
13754712,How does the Spiderable package work with Meteor?,4541,6,configuration,environment,
14342848,How do I access process.env in Meteor?,2776,6,how-to,framework api,
15293611,Where to get the list of event types?,2979,6,how-to,framework api,
15300285,Meteor JS - Collections (mongodb) can be changed by any visitor (Not secure),504,6,how-to,framework api,
17574543,Repetitive code in Meteor,191,6,how-to,framework api,
17073731,How to render a static page with predefined data in Meteor,291,6,how-to,framework api,
13190328,MeteorJS async code inside synchronous Meteor.methods function,3386,6,how-to,framework api,
17350015,How to check NotEquals/Exists in Meteor Collection?,3901,6,how-to,framework api,
16383866,Google Maps with Meteor not working,2529,6,how-to,framework api,
15291809,"How to auto-update a marker on a leaflet map, with meteor",5421,6,how-to,framework api,
15995658,creating a list using meteor,1026,6,how-to,framework api,
18645334,Meteor: Meteor.call() from within observe callback does not execute,968,6,how-to,framework api,
16195052,Making collections available on the client without meteor startup,3528,6,how-to,framework api,
18926276,Meteor re-render template after user login,1890,6,how-to,framework api,
19526730,Meteor.methods: return data to client from internal callbacks,1411,6,how-to,framework api,
19345555,how to load file on a specific page?,671,6,how-to,framework api,
19451428,How to set Meteor WebSocket port for clients?,1328,6,configuration,environment,
17382117,Is Meteor.js stable enough for production?,3349,6,how-to,others,
24363375,Meteor's Iron Router doesn't close modal dialog,1700,6,how-to,framework api,
23829837,"Should I add ""use strict"" to my meteor files?",1605,6,how-to,others,
23937772,Meteor: Best Method for Passing Mongo Selector from Client to Server,511,6,how-to,framework api,
23515713,workflow and tools for meteor,1582,6,how-to,others,
23639044,Meteor js: How to set a radio button?,2790,6,how-to,framework api,
24915357,Pause routing in Meteor's Iron Router while a page transition completes,1253,6,how-to,framework api,
24698968,How to create a thumbnail that fills a certain area in meteor with CollectionFS and graphicsmagick,983,6,how-to,framework api,
25508359,Meteor: Change the class of link on click,3087,6,how-to,framework api,
25456293,meteor js iron router: apply CSS change whenever route changes,2481,6,how-to,framework api,
23044259,Meteor collectionfs insert server side,4106,6,how-to,framework api,
22501516,How to get value of click event in meteor js?,2957,6,how-to,framework api,
21083248,Find the Current Session Id in Meteor.js,2677,6,how-to,framework api,
20817037,Divide Meteor files into client and server folders,2781,6,configuration,framework configuration,"Just create two directories, client and server. Then put the frontend codes in client and the backend codes in server."
20888456,Does Meteor retain reactivity when using a REST API,1134,6,how-to,framework api,
21399609,reactive chart with chart.js in meteor,5442,6,how-to,framework api,
21488482,Meteor : filter a publication on a nested property,1470,6,how-to,database,
33373338,Math.sin() gives different results on server/client?,87,6,how-to,framework api,
34105175,Using the .find().fetch() from within a function in Meteor,2766,6,how-to,others,
34362749,How to NOT a helper?,83,6,how-to,framework api,
39792770,How to share a global variable between server and client code in Meteor,106,6,how-to,framework api,
36227559,scrollTop always returns 0,1720,6,how-to,framework api,
29443513,Meteor: Tracker.autorun / observeChanges & collections not working as expected,5733,6,configuration,dependencies versioning,
29491411,"Standard pattern to redirect a submit form after checking the insert was successful, on Meteor with AutoForm & Iron Router?",1685,6,how-to,framework api,
29900541,How Do I Properly Scope Nested #each Spacebars Iterators When Using Meteor?,1252,6,how-to,framework api,
29015201,How to import data from CSV file into Meteor collection at server side,5146,6,how-to,framework api,
28928917,Why is my $.inArray() function not working in voting system?,125,6,how-to,framework api,
30407786,How to monitor server-side log when using Meteor and Meteor Up,1941,6,configuration,environment,mup logs -f
30637917,Disable Button After Click for 60 Seconds Even If Browser Refreshes Using Meteor,116,6,how-to,framework api,
30077880,meteor : How to print an array from meteors helper,1167,6,how-to,framework api,
30246837,Meteor update access denied despite presence of insecure,540,6,how-to,framework api,
30784311,"Meteor, '/users/insert' is already defined",558,6,how-to,database,
30699848,onClick event for dropdown list meteor javascript,1157,6,how-to,framework api,
26101437,Meteor._wrapAsync has been renamed to Meteor.wrapAsync undefined,1753,6,how-to,framework api,
26112536,How to pass a function to a Meteor template?,528,6,how-to,framework api,
26170595,Meteor <Object> has no method 'subscribe'. On the latest meteor update,1528,6,how-to,framework api,
26351503,Meteor 0.9 Local Package Location,241,6,how-to,others,
25675169,How to access Meteor user properties in array?,1487,6,how-to,framework api,
27238457,Creating a CSV file from a Meteor.js Collection,2238,6,how-to,framework api,
26616277,Accessing a Meteor Template Helper Function in Jasmine for Integration Testing,967,6,configuration,environment,
27680544,MeteorJS email form validation,954,6,how-to,framework api,
27529057,How to use commercial themes with meteor.js,2525,6,how-to,framework api,
27855087,Meteor - How to correctly route inside Template event function,916,6,how-to,framework api,
27969285,Access Photos of iOS Photos app using Meteor.js and Cordova,1585,6,how-to,framework api,
26946243,Meteor - preventDefault not preventing default,3460,6,how-to,framework api,
32800211,Meteor - Why should I use this.userId over Meteor.userId() whenever possible?,839,6,how-to,others,
32065984,Meteor reactive search bar with all results when unfocused,781,6,how-to,framework api,
32075589,ES2015 Template Strings not parsing,170,6,how-to,framework api,
32179619,"How to remove AutoForm dropdown list ""(Select One)"" field?",495,6,how-to,framework api,
32550273,How to initialize a jQuery object once the layout has rendered?,85,6,how-to,framework api,
31508092,Watch if variable changed in Meteor,1304,6,how-to,framework api,
31183455,$(window).scroll(...) is running even if the template is destroyed in meteor,460,6,how-to,framework api,
31303124,Material UI / material-ui appbar leftnav toggle not working,2104,5,how-to,framework api,
31500975,Can't use {{> loginButtons}} with Meteor and Ionic,899,5,configuration,missing file,I forget to add accounts-ui package.
31095553,How to use the ms-seo package for better SEO in Meteor?,486,5,configuration,framework configuration,
32380790,Meteor using namedContext to addInvalidKeys to an AutoForm form returning an error,700,5,how-to,framework api,
33115054,React find DOM node by refs set to variable?,7065,5,how-to,framework api,
33065699,Meteor ReactiveVar access parent tempate from child template,1145,5,how-to,framework api,
26764045,Disabling swipe right to previous page on Windows Phone,1937,5,how-to,framework api,
28507546,Server-side debugging for Meteor App on Nitrous.io,215,5,configuration,framework configuration,ROOT_URL=http://machinename.abc1-2.nitrousbox.com meteor
28332032,Dynamically load JS/CSS per template with Meteor,1459,5,how-to,framework api,
28358735,Double click to edit element in Meteor app,1690,5,how-to,framework api,
28442884,Meteor: Uncaught ReferenceError: Accounts is not defined,2286,5,configuration,missing file,It's likely that one of the accounts packages was not added to your project.
27853637,Building a Blog Using Meteor.js,1189,5,how-to,others,
26951541,Meteor/Cordova gesture with hammer.js,1343,5,how-to,framework api,
27425117,Meteor - Why do we need packages for single-file libraries?,145,5,how-to,others,
27304409,Meteor.js: how to call helper method from event?,10803,5,how-to,framework api,
27322149,Meteor Braintree -- Create Client Token via Meteor Method,673,5,how-to,framework api,
26537974,How to create table using Templates dynamically,1456,5,how-to,others,
26996308,How can I use Tracker.autorun in a static non-Meteor page?,197,5,how-to,framework api,
26835411,Encrypt Mongo data in Meteorjs,1806,5,how-to,framework api,
25915553,TypeError: 'undefined' is not a function when using mongoDB sort operator,926,5,how-to,framework api,
26455914,"In meteor, can pub/sub be used for arbitrary in-memory objects (not mongo collection)",1111,5,how-to,framework api,
28335147,Requiring timeouts when testing Meteor with Velocity and Jasmine,395,5,how-to,framework api,
28620051,How Do I Set Meteor Template Title On Render?,1074,5,how-to,framework api,
30715363,My schema for Meteor.users fails validation every time,731,5,how-to,framework api,
30732516,How to check current route in Iron Router Meteor,908,5,how-to,framework api,
30130430,Meteor SMTP Credentials viewable in source code on deployed application,246,5,configuration,framework configuration,You could use Meteor.settings to store your private credentials
30249501,Meteor/Javascript - Is this bad practice? - Declaring var,104,5,how-to,others,
30270992,Meteor JS cannot sort data,441,5,how-to,framework api,
30234732,How to print key and values in Meteor Template?,2164,5,how-to,framework api,
30342873,event.target is undefined in events,7130,5,how-to,framework api,
30367831,Meteor.call (Meteor.methods) seem to run on both client and server--causing issues,122,5,how-to,framework api,
30004772,Uncaught Error: Not permitted. Untrusted code may only update documents by ID. [403],2671,5,how-to,framework api,
30373124,Bug in Meteor/Semantic-UI?,692,5,how-to,framework api,
28964455,Verifying schema on Meteor Method using autoform,693,5,how-to,framework api,
29944108,Design a Rest API,107,5,how-to,others,
29967248,Mocha test is not waiting for Publication/Subscription,159,5,how-to,framework api,
29838183,Meteor.call Callback Function Returns Undefined,3171,5,how-to,framework api,
29835752,Meteor in Git Shell (mingw),1003,5,configuration,environment,cmd //c foo.bat [args …]
29559391,How to get Meteor collection field value using variable as field key,1800,5,how-to,framework api,
30516545,MeteorJS how to add users from command prompt,1043,5,configuration,framework configuration,"Accounts.createUser({username: 'john', password: '12345'})"
37098869,Bootstrap navbar does not work properly on Chrome for mobile,263,5,how-to,framework api,
37733608,Meteor application not working in Chrome probably after Chrome got an update,705,5,configuration,environment,
37841271,Cannot read property 'bcrypt' of undefined with Meteor,153,5,configuration,environment,
42038346,Meteor: Using methods from react classes,69,5,how-to,framework api,
34886621,How to style Ionic input type file as a Button,5268,5,how-to,framework api,
35033029,Exception while invoking method 'Mongol_verifyDoc' ReferenceError: Match is not defined,663,5,configuration,environment,
35192327,How to return an error from a method inside a method in Meteor.js,38,5,how-to,framework api,
35194509,MeteorJS: How to get clicked element,64,5,how-to,framework api,
35234645,Check if a text is HTML or not,759,5,how-to,framework api,
35372023,JQuery closest() returns undefined,261,5,how-to,framework api,
35281021,Mongodb: check value equality in any document,71,5,how-to,framework api,
33953509,How to customize the Meteor accounts verification email template?,1492,5,how-to,framework api,
21716213,Javascript framework that handles routes natively (changing state),47,5,configuration,environment,mrt add iron-router
22062264,Meteor._wrapAsync and node child processes,906,5,how-to,framework api,
20920123,Get Input tag Attribute ID name at Runtime in Meteor JS,2015,5,how-to,framework api,
20803103,Meteor Js + sms verification,1302,5,how-to,others,
20861880,Speed up Auto-reload in Meteor.js,5447,5,how-to,others,
21079223,Trying to create a Meteor Package,467,5,how-to,framework api,
21096380,"meteor, minimongo not sorting on date properly, even with ISO8601 data format",2182,5,how-to,framework api,
21212758,Meteor._wrapAsync causes Meteor to be unresponsive,404,5,how-to,framework api,
22515117,Cannot access this.params variable in data: property in iron router,309,5,how-to,framework api,
22310631,Getting user's email address in Meteor publish function,979,5,how-to,framework api,
22735826,"Meteor,Access Google contacts of loggedin user",616,5,how-to,framework api,
22723300,How do you include 3rd party javascript libraries in Meteor.js?,2329,5,configuration,environment,
22716785,Meteor 0.8.0: While building the application: Unexpected closing template tag,1711,5,how-to,framework api,
22938881,meteor app: how to get a unique session/client id without using accounts,2277,5,how-to,framework api,
21998848,Server-side setInterval/clearInterval with Meteor,2738,5,how-to,others,
25393603,How to store Date and Time in Meteor for range queries?,686,5,how-to,framework api,
24769919,Displaying other user's email address in Meteor.js,1734,5,how-to,framework api,
24869542,calling javascript function on button click meteor,10089,5,how-to,framework api,
25071730,Meteor.call is returning Error invoking Method 'addToMenu': Internal server error [500],8734,5,how-to,framework api,
23607805,fullcalendar not rendering correctly with meteor,939,5,how-to,framework api,
23042591,MeteorJS: how to change localhost to custom domain?,1318,5,configuration,framework configuration,
23114107,Meteor showing [object Object] after creating Meteor.Router.add(),1074,5,how-to,others,
23897612,"Meteor js, how to get side effect of updating whole client side document",1076,5,how-to,framework api,
24467681,Meteor.js: lib folder not loaded first,1950,5,configuration,framework configuration,Simply removing the var keyword in my libJS.js file.
20455665,JQuery & Meteor Class Manipulation,2555,5,how-to,framework api,
20209534,Meteor.js Collection empty on Client,5796,5,how-to,framework api,
17998739,Lazy Loading templates in Meteor,1244,5,how-to,others,
18899737,Free text input with autocomplete on special symbols,1999,5,how-to,framework api,
11087820,Meteor.user() Error: Uncaught TypeError: Cannot read property 'name' of null,2718,5,how-to,framework api,
15402211,Meteor Startup JQuery DOM Elements Not Ready (JQueryUI Draggable),879,5,how-to,framework api,
18477896,Download files from server using Meteor.js,5109,5,how-to,others,
17181405,reactive variable to capture user input (Meteor),2649,5,how-to,framework api,
16008676,How to render template values using javascript - Meteor,2698,5,how-to,framework api,
16449065,Best approach for implementing a reactive button in meteor.js?,1259,5,how-to,others,
17303516,Why Does Using {{@...}} In a Meteor Template Cause Errors?,1122,5,how-to,others,
17603223,Defining Meteor collections when using coffeescript, ReferenceError saying that collection not defined,1808,5,configuration,framework configuration
18436313,How to implement a live search in Meteor without text input blurring after every letter?,2069,5,how-to,framework api,
15059125,How to serve HTTP requests over meteor,3111,5,how-to,framework api,
15447184,Meteor Accounts - Login forms change HTML remove dropdown JS,4546,5,configuration,environment,meteor remove accounts-ui
14700043,Someone explain {{> player}} to me,200,5,how-to,framework api,
13769369,Where is Meteor data in Mongo?,4065,5,how-to,framework api,
14001191,Can you share data across multiple templates?,537,5,how-to,framework api,
13062463,How do I Register Meteor Spacebars Helpers?,2810,5,how-to,framework api,
13273235,"How to post a tweet with Meteor.js, Twitter and Oauth",2086,5,configuration,missing file,
10936242,How can I correct the Meteor base-url in a NginX reverse-proxy configuration?,3010,5,configuration,dependencies versioning,"The new ""absolute-url"" package in Meteor 0.4.0 fixed the problem."
11641383,User auth without service in meteor js,685,4,how-to,others,
11180059,Performance implications of client-side rendering and Fibers in Meteor,1025,4,how-to,others,
10128744,"Meteor JS, running in a debugger?",1396,4,configuration,environment,
10368383,Using CKEditor / TinyMCE with Meteor,1801,4,how-to,framework api,
13042550,meteor currently active users?,593,4,how-to,others,
12002440,jquery lightbox is not working with Meteor,840,4,how-to,framework api,
13961737,Using Meteor with Requirejs,3414,4,how-to,others,
14721644,Checking input in Meteor,2692,4,how-to,others,
14448504,Is it possible to use nested selectors in Meteor event maps?,1183,4,how-to,framework api,
14262881,Mongodb $within query,531,4,how-to,framework api,
14134910,different time zones on client and server,1169,4,how-to,framework api,
14150353,SQL foreign key like behaviour in Meteor - MongoDB,1880,4,how-to,database,
13550775,How to compile new templates at runtime in meteor?,1480,4,how-to,framework api,
18432052,How to make reactive UI when variable is changed in Meteor?,2054,4,how-to,framework api,
18362929,Render templates from complex MongoDB queries in Meteor?,936,4,how-to,framework api,
18175904,Meteor (js framework) : How can I call a function on the server from an event on the browser?,797,4,how-to,others,
18085045,MongoDB inserting field that is a javascript variable?,1367,4,how-to,database,
17658104,How Do I Make an Array of Objects a Reactive Data Source?,777,4,how-to,framework api,
17688482,"How do I get my helper functions to load first? (Meteor, Node framework)",915,4,how-to,framework api,
17891212,Using Crypto.js in meteor,4595,4,configuration,framework configuration,"In your application dir create folder 'packages/cryptojs' and put there files:hmac-sha256.js,enc-base64-min.js e package.js"
17902831,uncaught reference error in meteorjs,343,4,configuration,framework configuration,Remove the var keyword.
17823268,"In Meteor.js, Why is this.userId == undefined?",2999,4,how-to,framework api,
17224377,How Do I Properly Make a Meteor Template Reactive?,745,4,how-to,framework api,
17335172,Meteor: How can I sort a collection on a session variable?,1302,4,how-to,framework api,
16071714,making ajax request in meteor helpers,5612,4,how-to,framework api,
16091885,How to run method on client when subscribe is complete,456,4,how-to,framework api,
18493265,Array declaration using a variable,68,4,how-to,language,
18577825,"When update nested collection in meteor, how to pass variable for the update path",1036,4,how-to,framework api,
11216005,JS game development libs?,1511,4,how-to,others,
12040831,How do I set a created_on field on the server in a new Meteor Collection document?,1637,4,configuration,framework configuration,
17584522,how to make a meteor template helper re-run/render after another template has rendered?,8067,4,how-to,framework api,
19161630,How to Prevent/Manage Stripe Webhook Sending Invoice for $0 on Trial Signup?,1094,4,how-to,others,
19473937,Meteor - add class to DOM element on template load,4931,4,how-to,framework api,
19281685,meteor.js email.send not working when trying to send to array of users,372,4,how-to,language,
19549337,Why does loading data into a Meteor Collection take so long?,804,4,how-to,database,
20027030,How transferrable is code between Meteor and AngularJS?,1236,4,how-to,others,
19871790,how meteor's restrictCreationByEmailDomain option work?,328,4,how-to,others,
20109616,Deps.autorun with Meteor.user() issue on firefox and IE,184,4,how-to,others,
19759018,Meteor iScroll 5 Initialization,865,4,how-to,framework api,
17457158,How to validate user creation on the server in Meteor,2068,4,how-to,framework api,
19570496,How to upload files to Amazon S3 with Meteor?,4997,4,configuration,missing file,
20630829,Meteor pass data from client to server,3541,4,how-to,framework api,
20577149,Meteor: Adding Fields on createAccount,570,4,how-to,framework api,
24162165,Modify (patch) meteor packages in a clean way - Meteor,532,4,configuration,environment,
24192453,Meteor and javascript: make functions in one file available to another,622,4,how-to,framework api,
24107738,"""this"" keyword in meteor template",555,4,how-to,framework api,
23876325,Meteor: How to return data from the server using Meteor.call,681,4,how-to,framework api,
23880054,Adding a new object to an array within a Mongo document through Meteor,555,4,how-to,database,
23077967,Variable scope when writing meteor package,920,4,how-to,others,
23643723,Specifying content-type in Meteor (JavaScript),772,4,how-to,framework api,
25168288,Meteor 0.8.x namespacing,97,4,how-to,others,
25340765,Session Set and Get in Meteor,2982,4,how-to,framework api,
25319874,How can I add a user.profile when creating a user with the accounts-ui package?,191,4,how-to,framework api,
24600526,"Meteor / Node.js: Multiple http requests within a for loop, evenly across a timed interval?",596,4,how-to,framework api,
24707328,Meteor environment variables invalid in production,855,4,configuration,environment,
25597054,How to unsubscribe from the collection?,88,4,how-to,framework api,
25538178,Meteor: Error: ENOENT when trying to access an image using node-gd,1839,4,configuration,framework configuration,You can do is prefixing your paths with the project root server folder which is obtained by going 5 level ups in the filesystem.
22103471,how to get multiple select(ed) list values from template?,958,4,how-to,framework api,
21486667,Meteor JS: How should I bind events to the window in Meteor?,3167,4,how-to,framework api,
21644692,Meteor._wrapAsync,820,4,how-to,framework api,
22797826,How do I display this code in HTML?,86,4,how-to,display,
22819510,Meteor: How to include a template only if it exists?,417,4,how-to,framework api,
22752155,Meteor: Download a webpage from server,94,4,configuration,environment,
22311307,Tell Iron Router not to intercept a link,373,4,how-to,framework api,
21822469,Can we set cursor as a session variable?,378,4,how-to,others,
22437318,how to configure the database in meteor,84,4,configuration,environment,
21316924,Meteor forgotPassword & sendResetPasswordEmail dataflow,819,4,how-to,others,
21165714,Calling a Synchronous function in Meteor.js,665,4,how-to,framework api,
20823587,"Meteor JS: How do I insert a document into a collection, but only on the client-side?",1441,4,how-to,framework api,
21839768,Catching Errors in Meteor Iron-Router Route waitOn Function,471,4,how-to,framework api,
21455419,Dynamic Loading Templates in Meteor,1725,4,how-to,others,
21622286,Embed a meteor app inside a non-meteor webpage,1809,4,how-to,others,
25429150,Is manipulating the arguments object a good idea?,72,4,how-to,others,
33996203,What is wrong with my simple meteor code,83,4,how-to,framework api,
34008383,Why does .count() break Meteor?,45,4,how-to,others,
33565554,Meteor: Must pass options.email uncaught error,341,4,how-to,framework api,
33548521,Javascript frequency analyzer using chart library,116,4,how-to,framework api,
34163883,Using Redux in Meteor.js,1096,4,configuration,dependencies versioning,Meteor does not yet support the ES2015 import out of the box (might be available in 1.3.0).
33682164,Creating a stopwatch in Meteor.js,351,4,how-to,framework api,
33762498,"Complex Mongo query, checking simultaneously on several attributes",47,4,how-to,database,
35549468,How to extend EJSON to serialize RegEx for Meteor Client-Server interactions?,87,4,how-to,framework api,
35358863,Mongo $and selector,235,4,how-to,database,
35062463,Send email after successful user registration using meteor js,460,4,how-to,framework api,
34892538,Unblocking Meteor.logout and login,453,4,how-to,framework api,
34687544,IPN listener for PayPal in Meteor app,258,4,configuration,environment,meteor add planefy:paypal-ipn-listener
34494369,Meteor: show each item from an array from mongo in separate list tag,500,4,how-to,database,
35491361,What is a good way of testing React component callbacks to parent components?,731,4,how-to,others,
42092615,non empty array with length=0 in Meteor,37,4,how-to,language,
42057892,meteor app failling for no appearant reason,64,4,how-to,language,
42800106,Meteor - Simple react router throwing errors,48,4,how-to,framework api,
38153092,how to use MongoDB mapReduce function in Meteor javascript file?,471,4,how-to,others,
37717761,React component event handler - can't get access to event,574,4,how-to,framework api,
36733426,Break up an {{# each}} block every N items,80,4,how-to,framework api,
36664700,Should Meteor publication functions be named?,91,4,how-to,framework api,
36626845,Simple Clock in Meteor.js or how to reload Templates?,355,4,how-to,framework api,
36540643,What are the benefits of using react-router over kadira:flow-router for meteor,676,4,how-to,others,
35951892,Meteor Check if User is Admin,554,4,configuration,environment,
36142834,invoking a function polymorphically,32,4,how-to,framework api,
35625756,using output of a function as a string variable,32,4,how-to,framework api,
30991797,How can I get a buffer for a file (image) from CollectionFS,787,4,how-to,framework api,
29635530,Meteor Router.go not passing params,124,4,configuration,framework configuration,You need to add the parameter to your route definition in order for the mapping to work.
29449698,Make Iron Router reload page when clicking on the same link,2303,4,how-to,framework api,
29429365,Meteor JS: Iron router on click button,1191,4,how-to,framework api,
29850336,Meteor JS: Inconsistency with Meteor JS when dealing with cursors?,228,4,how-to,framework api,
29699959,MeteorJS Uncaught SyntaxError: Unexpected end of input,628,4,configuration,environment,"Clear your cache, or force your proxy/CDN to refresh the file's record."
28864942,Meteor: use 2 different layouts (iron:router),2150,4,how-to,framework api,
28878096,path has no method 'parse' in Meteor JS,1056,4,how-to,framework api,
28897151,"MongoDB: $push Multiple Objects, and $pop Multiple Objects in Single Update",669,4,how-to,database,
28796052,Authorized client-side JS API calls with Google's gapi library with an existing access token?,837,4,how-to,others,
29383464,MeteorJS: Users collection how to expose new field,212,4,how-to,framework api,
29248410,"Polymer + Meteor, in blaze #each loop, unable to pass object to Polymer web component",404,4,how-to,framework api,
29184341,Meteor Template onRendered callback not called,2283,4,configuration,environment,meteor update
30519496,How to add new fields to existing users,74,4,how-to,database,
30474799,Meteor Helper Check equality,142,4,how-to,framework api,
30119696,How Do I Use a Meteor Template Helper to Edit a Value Passed as a Parameter in Iron-Router?,106,4,how-to,framework api,
30090423,Cannot get meteor.js to return mongo collection,499,4,how-to,framework api,
30177026,"How to save additional user details on meteor.js, such as home address",1309,4,how-to,framework api,
30817511,Meteor show spinner on method call,429,4,how-to,framework api,
30653562,Meteor simple-schema array should have defaultValue none,2292,4,how-to,database,
30672456,Prevent form submit on enter with Meteor,1506,4,how-to,framework api,
28643617,Bootstrap modal makes scrollbar disappear after closing,4379,4,how-to,framework api,
26418709,Metoer.js: iron-router Router.route() not working,605,4,configuration,environment,
26322617,Meteor.WrapAsync don't return value,1301,4,how-to,framework api,
26095360,Meteor: Tracker.autorun when Iron-Router Data Updates,1256,4,how-to,framework api,
26045440,What are minimongo (Meteor) limitations? cursor.toArray() fails client side,1222,4,how-to,others,
25727318,Meteor: App does not work on 0.9.1.1 version,567,4,configuration,environment,
25923153,Meteor: adding a class to a table element on a click event,1916,4,how-to,framework api,
25815894,Authenticate DDP Client using Node.js,149,4,how-to,framework api,
25692923,Meteor method with HTTP request does not return callback,1548,4,how-to,framework api,
26806716,Showing server time not client time on the browser,185,4,how-to,framework api,
26819139,Cannot read property 'helpers' of undefined,3950,4,how-to,framework api,
26939956,Meteor - iron-router not waiting on subscription data in onBeforeAction hook,1606,4,how-to,others,
26627996,Meteor conditional CSS,1208,4,how-to,framework api,
27255235,Understanding when Meteor recomputes my template helper,286,4,how-to,others,
27043364,Populating a MeteorJS Autoform fields,4382,4,how-to,framework api,
27800257,show element in template if owner meteor js,366,4,how-to,framework api,
27660026,How to develop a Meteor.js application locally offline?,309,4,configuration,environment,METEOR_OFFLINE_CATALOG environment variable
