Post Link,Post Title,Post Views,Answer Score,Category,Subcategory,Comment
7446187,No module named pkg_resources,234674,489,configuration,environment,setuptools package below 0.6 then you will have to uninstall it first
20306981,How do I integrate Ajax with Django applications?,50744,438,configuration,framework configuration,
1118183,"How to debug in Django, the good way?",142279,377,configuration,environment,
3644902,How to check if a user is logged in (how to properly use user.is_authenticated)?,104301,314,configuration,dependencies versioning,"The method still exists for backwards compatibility, but will be removed in Django 2.0."
19875789,Django gives Bad Request (400) when DEBUG = False,56553,310,configuration,missing file,not debug => not empty (ALLOWED_HOST)
20239232,Error: That port is already in use.,54579,189,configuration,environment,
15556499,Django DB Settings 'Improperly Configured' Error,93838,180,configuration,framework configuration,
5201346,"How do I go straight to template, in Django's urls.py?",18281,174,configuration,framework configuration,
4840102,Why don't my south migrations work?,46130,173,configuration,environment,
19962736,Django import error - no module named django.conf.urls.defaults,61184,173,configuration,dependencies versioning,django.conf.urls.defaults was removed in Django 1.6
23708898,pip' is not recognized as an internal or external command,174632,172,configuration,environment,
14186055,django test app error - Got an error creating the test database: permission denied to create database,21990,170,configuration,environment,
25459386,Mac OS X - EnvironmentError: mysql_config not found,49461,170,configuration,environment,
19189813,Setting Django up to use MySQL,135000,167,configuration,framework configuration,
3287038,Cron and virtualenv,35320,139,configuration,environment,
3038459,Django template Path,80761,138,configuration,framework configuration,
9856683,"Using Python's os.path, how do I go up one directory?",66051,138,configuration,dependencies versioning,I recently upgrade Django from v1.3.1 to v1.4.
3718077,Django. You don't have permission to edit anything,16268,133,configuration,framework configuration,before django 1.7 the recommendation was to put admin.autodiscover() call in urls.py
5394331,How to setup PostgreSQL Database in Django?,115478,131,configuration,environment,
6726953,Open the file in universal-newline mode using the CSV Django module,58949,130,configuration,framework configuration,
21408344,TemplateDoesNotExist - Django Error,10869,126,configuration,framework configuration,
6590688,Is it bad to have my virtualenv directory inside my git repository?,25468,120,configuration,environment,
8408046,How to change the name of a Django app?,35352,119,how-to,language,
10344197,How does Django's Meta class work?,37076,118,how-to,others,
31237042,What's the difference between select_related and prefetch_related in Django ORM?,19307,118,how-to,language,
8018973,how to iterate through dictionary in a dictionary in django template?,46657,118,how-to,language,
14962289,Bad Django / uwsgi performance,21022,117,how-to,others,
25575073,AttributeError: 'module' object has no attribute 'tests',44575,115,how-to,language,
5438642,Django Setup Default Logging,30524,114,configuration,framework configuration,
13866926,Python - Pytz - List of Timezones?,98450,111,how-to,language,
806835,Django: Redirect to previous page after login,72913,109,configuration,framework configuration,
2979369,"DatabaseError: current transaction is aborted, commands ignored until end of transaction block",103322,108,how-to,database,
14959217,Django URL Redirect,41591,107,configuration,framework configuration,
1990502,Django: signal when user logs in?,16930,107,how-to,framework api,
4938491,Django Admin - change header 'Django administration' text,53169,107,configuration,framework configuration,
2412770,Good ways to sort a queryset? - Django,37148,106,how-to,framework api,
12773763,gunicorn autoreload on source change,15918,105,how-to,framework api,
11814059,Site matching query does not exist,33197,105,how-to,framework api,
5508888,matching query does not exist Error in Django,47891,105,how-to,framework api,
7037468,"Dude, where is my Django installation?",37832,103,how-to,language,
6285327,How to do math in a Django template?,46699,103,how-to,language,
21458387,"TransactionManagementError ""You can't execute queries until the end of the 'atomic' block"" while using signals, but only during Unit Testing",19810,101,how-to,language,
8780756,Django - Difference between import django.conf.settings and import settings,31123,101,how-to,language,
4176613,Django Admin: Using a custom widget for only one model field,27746,100,how-to,framework api,
4308527,"Django: Model Form ""object has no attribute 'cleaned_data'""",43046,99,how-to,framework api,
1605662,django syncdb and an updated model,46655,99,how-to,database,
849142,How to limit the maximum value of a numeric field in a Django model?,62765,99,how-to,framework api,
22938679,Error trying to install Postgres for python (psycopg2),21617,99,configuration,environment,
612372,Can you give a Django app a verbose name for use throughout the admin?,45418,98,how-to,framework api,
3220280,How do I install an old version of Django on virtualenv?,34098,97,configuration,dependencies versioning,
1626326,How to manage local vs production settings in Django?,60658,97,configuration,framework configuration,
622982,Django Passing Custom Form Parameters to Formset,29896,96,how-to,language,
6862250,Change a django form field to a hidden field,78465,96,how-to,framework api,
4909958,Django Local Settings,34472,96,configuration,framework configuration,
9262278,Django view returning json without using template,63977,96,how-to,framework api,
2673647,Enforce unique upload file names using django?,16077,95,how-to,framework api,
15312732,django.core.exceptions.ImproperlyConfigured: Error loading MySQLdb module: No module named MySQLdb,68957,95,configuration,framework configuration,
10406135,UnicodeDecodeError: 'ascii' codec can't decode byte 0xd1 in position 2: ordinal not in range(128),118158,95,how-to,language,
8920643,Cancel an already executing task with Celery?,30818,95,how-to,others,
20321673,Debugging Apache/Django/WSGI Bad Request (400) Error,28113,95,configuration,framework configuration,
618557,Django: using <select multiple> and POST,20619,94,how-to,framework api,
275174,How do I perform HTML decoding/encoding using Python/Django?,125987,94,how-to,framework api,
913589,"Django forms, inheritance and order of form fields",20555,94,how-to,others,
18156452,Django csrf token + Angularjs,23594,94,configuration,dependencies versioning,"This answer is for angular 1.1.5, older versions might need different approach"
4778685,How do I use Django groups and permissions?,28172,94,how-to,framework api,
21069880,Running django tutorial tests fail - No module named polls.tests,12316,93,configuration,environment,So just deleting the _init_.py file should fix our problem
110378,Change the width of form elements created with ModelForm in Django,30189,93,how-to,language,
962619,How to pull a random record using Django's ORM?,41998,93,how-to,database,
25244631,"""Models aren't loaded yet"" error while populating in Django 1.8 and Python 2.7.8",23368,92,how-to,framework api,
1622038,Find Monday's date with Python,16084,92,how-to,language,
1553165,multiple django sites with apache & mod_wsgi,43413,92,configuration,framework configuration,
16232572,Distributed task queues (Ex. Celery) vs crontab scripts,7711,92,how-to,others,
1303654,Threaded Django task doesn't automatically handle transactions or db connections?,7034,91,how-to,framework api,
1095725,where does django install in ubuntu,17940,90,how-to,framework api,
1136106,What is an efficent way of inserting thousands of records into an SQLite table using Django?,34969,90,how-to,database,
34198538,Cannot import name _uuid_generate_random in heroku django,15084,90,configuration,dependencies versioning,This issues affects Python 2.7.11 (Kombu is required by Celery)
4651172,Reference list item by index within Django template?,31920,90,how-to,framework api,
1395807,Proper way to handle multiple forms on one page in Django,71386,89,how-to,framework api,
23639113,"Disable a method in a ViewSet, django-rest-framework",8814,89,how-to,framework api,
2029295,Django DateField default options,58182,89,how-to,framework api,
223990,How do I perform query filtering in django templates,51211,89,how-to,framework api,
323763,Foreign key from one app into another in Django,17595,89,how-to,framework api,
636905,Django form - set label,30891,88,how-to,framework api,
24377506,HTTPError 403 (Forbidden) with Django and python-social-auth connecting to Google with OAuth2,6157,88,configuration,missing file,
7438681,Duplicate virtualenv,17863,88,configuration,environment,
1134667,Django required field in model form,44206,87,how-to,framework api,
14115318,Create Django model or update if exists,42135,87,how-to,framework api,
15454008,How to reset db in Django? I get a command 'reset' not found error,76943,87,how-to,framework api,
2216974,Django ModelForm for Many-to-Many fields,40803,86,how-to,framework api,
10517765,django-debug-toolbar not showing up,29342,85,configuration,framework configuration,
755857,Default value for field in Django model,70419,85,how-to,framework api,
3356964,How i get the current language in django?,37742,84,how-to,framework api,
852414,How to dynamically compose an OR query filter in Django?,17883,83,how-to,framework api,
388800,How do I use the built in password reset/change views with my own templates,89106,83,how-to,framework api,
14951356,Django : Testing if the page has redirected to the desired url,19033,83,how-to,framework api,
7341066,Can I make an admin field not required in Django without creating a form?,20138,83,how-to,framework api,
4359238,How do I get multiple values from checkboxes in Django,19141,82,how-to,framework api,
5360873,How do I package a python application to make it pip-installable?,33701,82,how-to,others,
4377861,Reload django object from database,25801,81,how-to,framework api,
25606879,How to migrate back from initial migration in Django 1.7?,17715,80,how-to,framework api,
3723220,How do you convert a PIL `Image` to a Django `File`?,15192,80,how-to,framework api,
13014411,Django post_save() signal implementation,37921,79,how-to,framework api,
29760817,How can I resolve 'django_content_type already exists'?,13475,79,configuration,dependencies versioning,"It's new in Django 1.8. In 1.7, --fake-initial was an implicit default, but explicit in 1.8."
6578986,How to convert JSON data into a Python object,141542,79,how-to,language,
6453652,How to add the current query string to an URL in a Django template?,14285,78,how-to,language,
12906402,type object 'datetime.datetime' has no attribute 'datetime',60855,78,how-to,language,
2164069,Best way to make Django's login_required the default,20934,78,how-to,framework api,
1854237,Django edit form based on add form?,25479,77,how-to,framework api,
10909857,PyCharm can't find the right paths if I open a directory that is not the Django root,30427,77,how-to,language,
702337,How to make Django slugify work properly with Unicode strings?,14826,77,how-to,language,
38744285,Django URLs error: view must be a callable or a list/tuple in the case of include(),19714,77,configuration,dependencies versioning,Django 1.10 no longer allows you to specify views as a string
16655097,django abstract models versus regular inheritance,24494,77,how-to,others,
238081,How do you log server errors on django sites,66772,76,configuration,framework configuration,
929029,How do I access the child classes of an object in django without knowing the name of the child class?,21426,76,how-to,framework api,
2278076,Count number of records by date in Django,10933,76,how-to,framework api,
2140550,How to require login for Django Generic Views?,34439,76,configuration,framework configuration,
8702772,Django get list of models in application,12615,75,how-to,framework api,
1515634,Case insensitive urls for Django?,6105,75,how-to,framework api,
11476210,Getting Site Matching Query Does Not Exist Error after creating django admin,23837,75,how-to,framework api,
5875111,Running a specific test case in Django when your app has a tests directory,33225,75,how-to,framework api,
18108521,many-to-many in list display django,16930,75,how-to,framework api,
6314841,TypeError: 'RelatedManager' object is not iterable,20530,74,how-to,language,
26672077,Django Model() vs Model.objects.create(),39002,74,how-to,framework api,
17256724,Include intermediary (through model) in responses in Django Rest Framework,8712,74,how-to,framework api,
4237898,UnicodeDecodeError : 'ascii' codec can't decode byte 0xe0 in position 0: ordinal not in range(128),38870,74,how-to,language,
11293380,Django: Catching Integrity Error and showing a customized message using template,29664,74,how-to,display,
12476452,How can I return HTTP status code 204 from a Django view?,16889,74,how-to,display,
2233883,Get all related Django model objects,23067,74,how-to,framework api,
1901525,Django template and the locals trick,7141,73,how-to,others,
180809,"In the Django admin interface, is there a way to duplicate an item?",7404,73,how-to,framework api,
15795869,Django ModelForm to have a hidden input,41581,73,how-to,framework api,
6485106,What is the easiest way to clear a database from the CLI with manage.py in Django?,54257,72,how-to,framework api,
843580,Writing a __init__ function to be used in django model,30769,71,how-to,framework api,
1408925,django templates: include and extends,77292,71,how-to,framework api,
20164688,Celery and Django simple example,16448,70,how-to,framework api,
401025,Define css class in django Forms,82405,70,how-to,framework api,
739260,Customize/remove Django select box blank option,34694,69,how-to,framework api,
25960850,Loading initial data with Django 1.7 and data migrations,20230,69,how-to,framework api,
1470676,How can I tell the Django ORM to reverse the order of query results?,15629,69,how-to,framework api,
1102254,Should I use Celery or Carrot for a Django project?,6692,69,how-to,others,
11770501,How can I login to django using tastypie,9229,69,how-to,framework api,
3889769,How can I get all the request headers in Django?,36748,69,how-to,framework api,
18140838,"sql ""LIKE"" equivalent in django query",22171,69,how-to,framework api,
5493776,Django: 'current_tags' is not a valid tag library,41982,69,configuration,missing file,
6989965,How do I start up remote debugging with PyCharm?,27787,69,how-to,others,
27434593,django-rest-framework 3.0 create or update in nested serializer,18361,68,how-to,framework api,
11945321,"What is the equivalent of ""none"" in django templates?",36758,68,how-to,language,
12161271,Can I make STATICFILES_DIR same as STATIC_ROOT in Django 1.3?,17871,68,how-to,others,
147752,In Django is there a way to display choices as checkboxes?,21575,68,how-to,display,
13544504,django form got multiple values for keyword argument,6762,67,how-to,framework api,
2270537,How to customize the auth.User Admin page in Django CRUD?,13123,67,configuration,framework configuration,
6914687,Django sending email,42948,67,configuration,framework configuration,
21925671,Convert Django Model object to dict with all of the fields intact,39252,67,how-to,language,
6481279,Django SUM Query?,30036,66,how-to,framework api,
18322262,how to setup custom middleware in django,16893,66,configuration,framework configuration,
992230,django for loop counter break,18231,66,how-to,language,
20613315,Get rid of get_profile() in a migration to Django 1.6,7836,66,how-to,others,
2342031,Remove default apps from Django-admin,10736,65,configuration,framework configuration,
2406537,Django formsets: make first required?,9782,65,how-to,framework api,
6583877,How to override and extend basic Django admin templates?,69299,65,how-to,framework api,
21079820,How to find pg_config path,52911,65,configuration,environment,
16169035,"coercing to Unicode: need string or buffer, NoneType found when rendering in django admin",64707,65,how-to,language,
4558879,"Python/Django: log to console under runserver, log to file under Apache",71431,65,how-to,display,
4706255,How to get value from form field in django framework?,65060,64,how-to,framework api,
4789021,"In Django, how do I check if a user is in a certain group?",47753,64,how-to,framework api,
31343299,MySQL Improperly Configured Reason: unsafe use of relative path,8387,64,configuration,environment,
9590965,Convert an IP string to a number and vice versa,35909,64,how-to,language,
401277,Naming Python loggers,9846,64,how-to,language,
13349573,How to change a django QueryDict to Python Dict?,35827,64,how-to,language,
1829216,How can I programmatically obtain the max_length of a Django model field?,5731,64,how-to,framework api,
13998901,Generating a Random Hex Color in Python,30631,64,how-to,language,
12142133,How to get first element in a list of tuples?,61523,64,how-to,language,
1385094,Django admin and showing thumbnail images,29539,64,how-to,display,
1512059,"Django: Get an object form the DB, or 'None' if nothing matches",37140,64,how-to,framework api,
3798812,How to compare dates in Django,29342,64,how-to,language,
12838111,south: cannot ALTER TABLE because it has pending trigger events,13817,63,how-to,framework api,
14327036,Count vs len on a Django QuerySet,14644,63,how-to,framework api,
6460598,Can you migrate backwards to before the first migration in South?,4729,63,how-to,framework api,
16108526,Count how many lines are in a CSV Python?,49107,63,how-to,language,
4269605,Django. Override save for model,81982,63,how-to,framework api,
28306288,RemovedInDjango18Warning: Creating a ModelForm without either the 'fields' attribute or the 'exclude' attribute is deprecated,23364,63,how-to,framework api,
5380984,Any way to make {% extends '...' %} conditional? - Django,6335,63,how-to,language,
5583401,serialize datetime to json in Django,15407,63,how-to,framework api,
7514964,Django - how to create a file and save it to a model's FileField?,34456,63,how-to,framework api,
9586346,Virtualenv and source version control,6377,62,configuration,environment,pip install -r requirements.txt
8380389,how to get day name in datetime in python,25899,62,how-to,language,
699462,Python/Django: Creating a simpler list from values_list(),18518,62,how-to,framework api,
11190070,django - getlist(),21501,61,how-to,framework api,
22288569,How do I activate a virtualenv inside PyCharm's terminal?,31364,61,configuration,environment,
10372877,How to create a user in Django?,32617,61,how-to,framework api,
1445989,Passing Python Data to JavaScript via Django,41420,61,how-to,framework api,
7302889,TextField missing in django.forms,24026,61,how-to,framework api,
17751163,Django: display time it took to load a page on every page,9743,60,how-to,display,
4363899,Making moves w/ websockets and python / django ( / twisted? ),6403,60,how-to,others,
27269574,How to run Debug server for Django project in PyCharm Community Edition?,11916,60,configuration,framework configuration,
23916413,Celery parallel distributed task with multiprocessing,13094,60,how-to,others,
8335029,Is there a way to negate a boolean returned to variable?,27733,60,how-to,framework api,
8616343,Django: Calculate the Sum of the column values through query,20598,60,how-to,framework api,
170337,Django signals vs. overriding save method,12769,60,how-to,others,
2770810,Multiple Models in a single django ModelForm?,29020,59,how-to,framework api,
8618068,Django filter queryset __in for *every* item in list,26983,59,how-to,framework api,
8436666,How to make python on Heroku https only?,12192,59,how-to,framework api,
12364157,South - How to force certain migration?,14087,59,how-to,framework api,
1596552,django urls without a trailing slash do not redirect,29554,58,how-to,framework api,
1252218,PIL Image.resize() not resizing the picture,23883,58,how-to,display,
2013835,Django: How should I store a money value?,30458,58,how-to,framework api,
10419665,How does pgBouncer help to speed up Django,11089,58,how-to,others,
10277748,how to get request object in django unit testing?,18889,58,how-to,framework api,
801354,Django equivalent of PHP's form value array/associative array,11583,58,how-to,framework api,
981375,Using a Django custom model method property in order_by(),11469,58,how-to,framework api,
3495964,"In django, how do I call the subcommand 'syncdb' from the initialization script?",12395,58,how-to,framework api,
3303336,how to loop through httprequest post variables in python,19470,58,how-to,language,
16336271,is not JSON serializable,51483,58,how-to,framework api,
5503925,How do I use a dictionary to update fields in Django models?,15554,58,how-to,framework api,
6945251,Localized date strftime in Django view,6856,58,how-to,framework api,
7503241,django models selecting single field,17600,58,how-to,framework api,
7684408,Django cannot import name x,22832,57,how-to,framework api,
29683494,What should I use instead of syncdb in Django 1.9?,29507,57,configuration,dependencies versioning,
29311354,How to set the timezone in Django?,24136,57,how-to,framework api,
21563227,Django allauth example [Errno 61] Connection refused,8001,57,configuration,missing file,
11494483,Django class-based view: How do I pass additional parameters to the as_view method?,43747,57,how-to,framework api,
3736964,Django Query using .order_by() and .latest(),47665,57,how-to,framework api,
3551257,How to disable formatting for FloatField in template for Django,9528,57,how-to,framework api,
1160579,"models.py getting huge, what is the best way to break it up?",12088,56,how-to,others,
1744203,Django Admin: OneToOne Relation as an Inline?,20614,56,how-to,framework api,
11336548,Django - taking values from POST request,75753,56,how-to,framework api,
991926,Custom Filter in Django Admin on Django 1.3 or below,41225,56,how-to,framework api,
10408826,Remove leading and trailing slash /,23122,56,how-to,framework api,
27051209,How can I use Django OAuth Toolkit with Python Social Auth?,9551,56,how-to,others,
18039680,Django - Get only date from datetime.strptime,22039,56,how-to,framework api,
7382149,Django SECRET_KEY,14006,56,how-to,others,
19068308,Access Django models with scrapy: defining path to Django project,7341,56,configuration,framework configuration,
17901341,Django - How to make a variable available to all templates?,4443,55,how-to,framework api,
32445953,"Django app works fine, but getting a TEMPLATE_* warning message",12637,55,configuration,framework configuration,
2740837,Which Python API should be used with Mongo DB and Django,15574,55,how-to,others,
2964244,Django: Meaning of leading underscore in list of tuples used to define choice fields?,5548,55,how-to,framework api,
3499791,How do I prevent fixtures from conflicting with django post_save signal code?,5363,55,how-to,framework api,
8287883,Django: how to get format date in views?,29963,55,how-to,framework api,
12030187,Getting current date and current time only respectively,34874,55,how-to,framework api,
1271631,How to check the TEMPLATE_DEBUG flag in a django template?,20179,54,configuration,framework configuration,
1598932,Atomic increment of a counter in django,15531,54,how-to,framework api,
14255125,Catching DoesNotExist exception in a custom manager in Django,21284,54,how-to,framework api,
761698,How to get the label of a choice in a Django forms ChoiceField?,41806,54,how-to,framework api,
23215581,Unable to perform collectstatic,22369,54,configuration,framework configuration,
4604814,Django Model Field Default to Null,21932,54,how-to,language,
16790375,<Django object > is not JSON serializable,44588,54,how-to,framework api,
9575310,How can I iterate over ManyToManyField?,14399,54,how-to,framework api,
4997293,Access Python Development Server from External IP,8799,53,configuration,framework configuration,
4507893,Django filter many-to-many with contains,35138,53,how-to,framework api,
4632261,PIL /JPEG Library / Help!,43792,53,configuration,environment,
5705618,Accessing function as attribute in a Python class,13895,53,how-to,language,
17716624,Django CSRF Cookie Not Set,25253,53,how-to,others,
7670289,sqlite3.OperationalError: unable to open database file,61000,53,configuration,framework configuration,
2932648,How do I use a string as a keyword argument?,6102,53,how-to,language,
2246725,"Django, template context processors",34460,53,configuration,framework configuration,
1618728,Disable link to edit object in django's admin (display list only)?,15740,53,how-to,framework api,
3801379,How can I use redis with Django?,46017,53,how-to,framework api,
1624782,Django model fields validation,31408,52,how-to,framework api,
1202839,get request data in Django form,34240,52,how-to,framework api,
2243002,"Django: ""TypeError: [] is not JSON serializable"" Why?",33950,52,how-to,framework api,
14190045,"How to convert datetime.timedelta to minutes, hours in Python?",56477,52,how-to,language,
2781383,Where to put Django startup code?,15886,52,how-to,framework api,
6791911,Execute code when Django starts ONCE only?,26571,52,how-to,framework api,
5478855,Django: Can't render STATIC_URL from settings in template,10999,52,configuration,framework configuration,
4754485,DRY way to add created/modified by and time,11969,52,how-to,framework api,
9574810,Writing test cases for django models,10860,51,how-to,framework api,
2546207,Does SQLAlchemy have an equivalent of Django's get_or_create?,25079,51,how-to,framewok api,
10664244,Django: How to manage development and production settings?,20814,51,configuration,framework configuration,
22538563,Django: reverse accessors for foreign keys clashing,13685,51,how-to,framework api,
36081149,Why did Django 1.9 replace tuples () with lists [] in settings and URLs?,1706,51,how-to,others,
378303,How to get a list of all users with a specific permission group in Django,41859,51,how-to,framework api,
844746,Performing a getattr() style lookup in a django template,13340,51,how-to,framework api,
895454,Django App Dependency Cycle,5435,51,how-to,framework api,
271077,Django - How to do tuple unpacking in a template 'for' loop,38031,51,how-to,framework api,
1949248,How to add clickable links to a field in Django admin?,18374,51,how-to,framework api,
3597762,How does Django's ORM manage to fetch Foreign objects when they are accessed,6716,51,how-to,framework api,
12900023,How can I run a celery periodic task from the shell manually?,14459,51,how-to,framework api,
4123155,How do I send empty response in Django without templates,15422,50,how-to,framework api,
4064808,Django model inheritance: create sub-instance of existing instance (downcast)?,5490,50,how-to,framework api,
1493479,Cannot access django app through ip address while accessing it through localhost,8618,50,configuration,framework configuration,
30752268,How to filter objects for count annotation in Django?,5804,50,how-to,framework api,
312925,Django authentication and Ajax - URLs that require login,16552,50,how-to,framework api,
883313,django excel xlwt,17469,50,how-to,framework api,
3395863,How can I get the object count for a model in Django's templates?,26538,50,how-to,framework api,
5250276,How to render an ordered dictionary in django templates?,20121,50,how-to,framework api,
21500354,How to see which tests were run during Django's manage.py test command,6084,50,how-to,framework api,
5478432,Making a Django form class with a dynamic number of fields,28516,50,how-to,framework api,
4241757,Python/Django: How to remove extra white spaces & tabs from a string?,26810,50,how-to,language,
7811556,How do I convert a Django QuerySet into list of dicts?,31037,49,how-to,language,
4812035,Django objects.filter() values_list() vs python list comprehension for __in query,29873,49,how-to,framework api,
15621048,How can I satisfy an import of direct_to_template?,11738,49,configuration,framework configuration,
20906305,Import error cannot import name execute_manager in windows environment,39198,49,configuration,dependencies versioning,
842031,Django equivalent of COUNT with GROUP BY,14992,49,how-to,framework api,
164901,How would I package and sell a Django app?,7961,49,how-to,others,
11569144,Proper way to handle static files and templates for Django on Heroku,7334,49,configuration,framework configuration,
20282521,django.request logger not propagated to root?,7137,49,configuration,framework configuration,
8586346,Python regex for integer?,41510,49,how-to,language,
1842389,Reverse for '*' with arguments '()' and keyword arguments '{}' not found,89596,49,how-to,framework api,
1600129,Using south to refactor a Django model with inheritance,8518,49,how-to,framework api,
12393726,User groups and permissions,26888,49,how-to,framework api,
12680691,loop backwards using django template,6611,49,how-to,framework api,
24068576,How to receive json data using HTTP POST request in Django 1.6?,28631,49,how-to,framework api,
4093999,How to use Django to get the name for the host server?,22292,48,configuration,framework configuration,
20498317,User Authentication in Django Rest Framework + Angular.js web app,16511,48,how-to,framework api,
297383,Dynamically update ModelForm's Meta class,8687,48,how-to,framework api,
446026,Django: how do you serve media / stylesheets and link to them within templates,39948,48,configuration,framework configuration,
3166361,How to use OR using Django's model filter system?,9703,48,how-to,framework api,
20877106,Using IntellijIdea within an existing virtualenv,8457,48,configuration,framework configuration,
5016589,What is the difference between static files and media files in Django?,9099,48,how-to,framework api,
30259452,Proper way to consume data from RESTFUL API in django,10091,47,how-to,framework api,
4353147,What's the best way to handle Django's objects.get?,16677,47,how-to,framework api,
4642596,How do I check whether this user is anonymous or actually a user on my system?,11126,47,how-to,framework api,
3345076,Django: Parse JSON in my template using Javascript,26026,47,how-to,framework api,
933092,Generic many-to-many relationships,10918,47,how-to,framework api,
10953695,Update new Django and Python 2.7.* with virtualenv on Dreamhost (with passenger),6160,47,configuration,environment,
2861770,How do I subtract two dates in Django/Python?,35996,47,how-to,framework api,
2374224,Django - Working with multiple forms,8722,47,how-to,framework api,
26103005,django.core.exceptions.ImproperlyConfigured,16388,47,how-to,framework api,
20633313,Django Rest Framework - Get related model field in serializer,17113,47,how-to,framework api,
8880652,PyCharm: Forcing Django Template Syntax Highligting,5264,47,how-to,framework api,
2055784,What is the best approach to change primary keys in an existing Django app?,18816,47,how-to,others,
12165636,Django Aggregation: Summation of Multiplication of two fields,10904,47,how-to,framework api,
23639085,django change default runserver port,34051,47,configuration,framework configuration,
4162625,Django request get parameters,57201,46,how-to,framework api,
1729051,Django upload_to outside of MEDIA_ROOT,5031,46,how-to,framework api,
15306897,Django reverse lookup of foreign keys,31995,46,how-to,framework api,
476017,Order a QuerySet by aggregate field value,24470,46,how-to,framework api,
141487,Is there an easy way to populate SlugField from CharField?,11749,46,how-to,framework api,
11194287,Convert a directory structure in the filesystem to JSON with Node.js,31579,46,how-to,framework api,
3167824,Change Django ModelChoiceField to show users' full names rather than usernames,9081,46,how-to,framework api,
4380879,Django Model Field Default Based Off Another Field in Same Model,14254,46,how-to,framework api,
7703865,Going from twitter date to Python datetime date,11513,46,how-to,framework api,
19128540,Django: ImproperlyConfigured: The SECRET_KEY setting must not be empty,44125,46,configuration,framework configuration,
18643998,GeoDjango GEOSException error,5031,46,configuration,missing file,
4879036,"Django: ""projects"" vs ""apps""",32678,46,how-to,framework api,
7772001,How to escape {{ or }} in django template?,17109,45,how-to,framework api,
5611410,related_name argument not working as expected in Django model?,5141,45,how-to,framework api,
3209906,Django return redirect() with parameters,58957,45,how-to,framework api,
13460426,get user profile in django,22039,45,how-to,framework api,
22149,Unicode vs UTF-8 confusion in Python / Django?,11391,45,how-to,frameworkapi,
927729,how to override the verbose name of a superclass model field in django,5346,45,how-to,framework api,
15557257,Django: Remove a field from a Form subclass,8341,45,how-to,framework api,
2462905,Is it possible to change the model name in the django admin site?,16325,45,how-to,framework api,
1845293,Get all table names in a Django app,11884,45,how-to,framewok api,
4111244,Get a list of all installed applications in Django and their attributes,18586,45,how-to,framework api,
1598823,Elegant setup of Python logging in Django,37790,45,configuration,framework configuration,
34096424,Django: Support for string view arguments to url() is deprecated and will be removed in Django 1.10,14727,44,configuration,framework configuration,"For Django 1.10, you now have to import the app's view.py, and then pass the second argument of url() without quotes"
1828187,Determine complete Django url configuration,14205,44,configuration,framework configuration,
25851183,How to compare two JSON objects with the same elements in a different order equal?,22226,44,how-to,language,
2615042,How do I use Logging in the Django Debug Toolbar?,7003,44,how-to,language,
22434869,Django Rest Framework and JSONField,11394,44,how-to,framework api,
487224,Reducing Django Memory Usage. Low hanging fruit?,16748,44,configuration,framework configuration,
365082,Can you change a field label in the Django Admin application?,24047,44,how-to,framewok api,
11351619,How to make Django's DateTimeField optional?,17404,44,how-to,framewok api,
3395236,Aggregating save()s in Django?,8155,44,how-to,framework api,
4382032,Defining a model class in Django shell fails,7871,44,how-to,framework api,
4532681,How to remove all of the data in a table using django,26702,44,how-to,framework api,
38479063,django-debug-toolbar breaking on admin while getting sql stats,3760,44,configuration,dependencies versioning,"It is not compatible with django-debug-toolbar version 1.4, Django version 1.9"
5469159,How to write a custom decorator in django?,35122,43,how-to,framewok api,
5942759,best place to clear cache when restarting django server,15711,43,configuration,framework configuration,
38739422,Django error: render_to_response() got an unexpected keyword argument 'context_instance',6937,43,configuration,framework configuration,"The render shortcut was introduced in Django 1.3, so this change is compatible with older versions of Django"
16243560,django DetailView - how to use 'request' in get_context_data,9277,43,how-to,framewok api,
10018757,How does the order of mixins affect the derived class?,5294,43,how-to,language,
18503770,How to create user from django shell,20154,43,how-to,framewok api,
2988997,How to TRUNCATE TABLE using Django's ORM?,17328,43,how-to,database,
13145254,Django annotate count with a distinct field,11012,43,how-to,framewok api,
471550,Customizing an Admin form in Django while also using autodiscover,10734,43,how-to,framewok api,
1014591,Traversing foreign key related tables in django templates,17393,43,how-to,framewok api,
769843,How do I use AND in a Django filter?,16539,43,how-to,framewok api,
2344751,In Django - Model Inheritance - Does it allow you to override a parent model's attribute?,27795,43,how-to,framewok api,
2180415,Using Django database layer outside of Django?,10399,43,configuration,framework configuration,
14616805,Why won't Django use IPython?,7744,43,configuration,environment,
20550598,"Django Rest Framework - Could not resolve URL for hyperlinked relationship using view name ""user-detail""",19240,43,how-to,framewok api,
3681216,django-admin.py startproject is not working,14872,43,configuration,environment,
1518286,Django - use reverse url mapping in settings,5682,43,configuration,dependencies versioning,
1205375,Filter by property,16883,43,how-to,framewok api,
1275735,how to access dictionary element in django template?,106140,42,how-to,framewok api,
3874422,Developing with Django+Celery without running `celeryd`?,7746,42,configuration,framework configuration,
8850415,Django - FileField check if None,9014,42,how-to,framewok api,
2237064,passing arguments to a dynamic form in django,12593,42,how-to,framewok api,
25901481,Python Django : No module named security,16534,42,configuration,environment,
502916,Django: How to create a model dynamically just for testing,13616,42,configuration,framework configuration,"You can dynamically add ""myapp.tests"" to the INSTALLED_APPS setting."
18564745,can't pip install mysql-python,17556,42,configuration,environment,
15675672,django - get the latest record with filter,30570,42,how-to,framewok api,
4863301,Automatically import models on Django shell launch,8515,42,configuration,environment,install django-extensions.
5031711,Python - Cleanest way to override __init__ where an optional kwarg must be used after the super() call?,25524,42,how-to,framewok api,
8098122,Mongoengine creation_time attribute in Document,7858,42,how-to,framewok api,
5452555,Converting timezone-aware datetime to local time in Python,28466,42,how-to,language,
20026728,Django CMS fails to syncdb or migrate,4638,41,configuration,framework configuration,You can add it easily to the list of enabled applications in your settings.py file
5013367,how to run this code in django template,7779,41,how-to,framewok api,
4771464,Django queryset filter for blank FileField?,4149,41,how-to,framewok api,
10157059,How can I use Bootstrap with Django?,18087,41,configuration,framework configuration,add the path to Bootstrap.
6390310,How do I see the Django debug toolbar?,14639,41,configuration,framework configuration,So try put in the end of settings.py.
6023421,how to edit model data using django forms,16699,41,how-to,display,
9337149,Is virtualenv recommended for django production server?,11041,41,configuration,environment,
31748278,How do you install mysql-connector-python (development version) through pip?,18140,41,configuration,environment,
569696,Lazy choices in Django form,6988,41,how-to,framewok api,
32761566,Django 1.9 ImportError for import_module,16114,41,configuration,dependencies versioning,django.utils.importlib is a compatibility library for when Python 2.6 was still supported. It has been obsolete since Django 1.7
2468804,How to call function that takes an argument in a Django template?,41119,41,how-to,framewok api,
13965823,Resource 'corpora/wordnet' not found on Heroku,9795,41,configuration,environment,
8600843,Serving large files ( with high loads ) in Django,15229,41,configuration,framework configuration,
12555831,Decoder JPEG not available error when following Django photo app tutorial,23789,41,configuration,environment,
24137457,FieldError at /admin/ - Unknown field(s) (added_on) specified for UserProfile,8650,41,how-to,framewok api,
1110153,What is the most efficent way to store a list in the Django models?,58973,41,how-to,framewok api,
12304050,Django Tutorial: Generic Views. Attribute Error,8789,40,how-to,framewok api,
25537905,Django 1.7 throws django.core.exceptions.AppRegistryNotReady: Models aren't loaded yet,87415,40,configuration,framework configuration,
2035288,Getting a list of errors in a Django form,15910,40,how-to,framewok api,
2245895,is there a simple to get group names of a user in django,19378,40,how-to,framewok api,
2680391,In django changing the file name of an uploaded file,14113,40,how-to,framewok api,
35059916,Django JSON response error status,4307,40,how-to,framewok api,
10579704,ImportError: No module named objectid,14941,40,configuration,dependencies versioning,The call seems to work in versions of PyMongo < 2.2.
22413050,Can't install python mysql library on Mac Mavericks,9359,40,configuration,dependencies versioning,
302651,Use only some parts of Django?,9841,40,configuration,framework configuration,
2922874,How to stream an HttpResponse with Django,29104,40,how-to,framewok api,
6461989,Populating django field with pre_save()?,20054,40,how-to,framewok api,
7574759,Django -- Can't get static CSS files to load,36688,40,configuration,framework configuration,
19231458,module' object has no attribute 'now' will trying to create a CSV,16326,40,how-to,language,
18979111,Sending post data from angularjs to django as JSON and not as raw content,13610,40,how-to,framewok api,
4441539,Why doesn't django's model.save() call full_clean()?,13203,40,how-to,framewok api,
16459264,How do I pass a PK or slug to a DetailView using RequestFactory in Django?,1861,40,how-to,framewok api,
5430470,retrieving list items from request.POST in django/python,17158,39,how-to,framewok api,
7877340,TypeError: ﾑDoesNotExistﾒ object is not callable,1466,39,how-to,framewok api,
19926750,"Django, ImportError: cannot import name Celery, possible circular import?",18676,39,configuration,framework configuration,
6367014,How to send email via Django?,87643,39,configuration,framework configuration,
4863332,How can I obtain the model's name or the content type of a Django object?,14788,39,how-to,framewok api,
4880842,How to dynamically set the queryset of a models.ModelChoiceField on a forms.Form subclass,8129,39,how-to,framewok api,
4836327,Do I need to add a db_index to this Django model?,4285,39,how-to,framewok api,
447117,Django: Increment blog entry view count by one. Is this efficient?,8783,39,how-to,framewok api,
11066411,mysql error : ERROR 1018 (HY000): Can't read dir of '.' (errno: 13),22618,39,configuration,environment,
2268417,Expire a view-cache in Django?,13066,39,how-to,framewok api,
2312714,Can the Django dev server correctly serve SVG?,6342,39,configuration,framework configuration,
8726610,How to use less css with django?,15711,39,configuration,environment,
1088431,Adding attributes into Django Model's Meta class,7564,39,configuration,framework configuration,
4055860,Unit testing with django-celery?,13379,39,configuration,framework configuration,
12822847,Best practice for Python & Django constants,10060,38,how-to,framewok api,
24229397,django object is not JSON serializable error after upgrading django to 1.6.5,12473,38,configuration,dependencies versioning,Django 1.6 changed the serializer from pickle to json. pickle can serialize things that json can't
1545067,Django - specify which model manager Django admin should use,6660,38,how-to,framewok api,
8445698,Fabric - sudo -u,9167,38,configuration,environment,"sudo('python manage.py collectstatic --noinput', user='www-data')"
14663523,Foreign Key Django Model,29389,38,how-to,framewok api,
2147701,Serializing list to JSON,52859,38,how-to,language,
1875316,Validate image size in django admin,8328,38,how-to,framewok api,
890924,"How do you reload a Django model module using the interactive interpreter via ""manage.py shell""?",19337,38,how-to,framewok api,
749682,What is the format in which Django passwords are stored in the database?,16959,38,how-to,framewok api,
350799,How does Django Know the Order to Render Form Fields?,26121,38,how-to,framewok api,
67454,Serving dynamically generated ZIP archives in Django,15523,38,how-to,framewok api,
23353113,django-admin.py makemessages not working,18478,38,configuration,framework configuration,
3172929,OperationalError: database is locked,15455,38,how-to,database,
4839762,How do I use Django's logger to log a traceback when I tell it to?,9540,38,how-to,language,
26871381,Deploying a local django app using openshift,9579,38,configuration,environment,
6637168,Python Django Templates and testing if a variable is null or empty string,24829,38,how-to,framewok api,
9207430,How to Copy/Clone a Virtual Environment from Server to Local Machine,7554,38,configuration,environment,
21240680,Django NoReverseMatch,33277,38,how-to,framewok api,
19745091,Accessing dictionary by key in Django template,39581,38,how-to,framewok api,
19433630,How to use 'User' as foreign key in Django 1.5,26687,38,how-to,framewok api,
5935447,How can django sql queries use case insensitive and contains at the same time?,6848,38,configuration,framework configuration,
4384098,"In Django models.py, what's the difference between default, null, and blank?",10002,38,how-to,framewok api,
5495452,Using Basic HTTP access authentication in Django testing framework,7263,37,how-to,framewok api,
19628979,Django ModelForm Imagefield Upload,12302,37,how-to,framewok api,
29635765,Django 1.9 deprecation warnings app_label,42857,37,how-to,framewok api,
7088173,How to Query model where name contains any word in python list?,11911,37,how-to,framewok api,
10021749,Django Tastypie Advanced Filtering: How to do complex lookups with Q objects,10663,37,how-to,framewok api,
3452381,What's the difference of ContentType and MimeType,19222,37,how-to,others,
13225890,"Django default=timezone.now() saves records using ""old"" time",4759,37,how-to,framewok api,
511291,Django Installed Apps Location,19329,37,configuration,framework configuration,PYTHONPATH you'll be able to import from your apps.
732952,Get Primary Key after Saving a ModelForm in Django,13905,37,how-to,framewok api,
883575,Custom ordering in Django,11333,37,how-to,framewok api,
2320895,Remove and ignore all files that have an extension from a git repository,8960,37,configuration,environment,git ls-files | grep '\.pwc$' | xargs git rm
15456964,Changing password in Django Admin,10334,37,how-to,framewok api,
1827526,Django creating a form field that's read only using widgets,23918,37,how-to,framewok api,
25767787,Django - Cannot create migrations for ImageField with dynamic upload_to value,3384,37,how-to,framewok api,
12384460,Allow only positive decimal numbers,5592,37,how-to,framewok api,
3682513,Django models.py Circular Foreign Key,6156,37,how-to,framewok api,
1912351,Django: Where to put helper functions?,15336,36,how-to,framewok api,
8506914,Detect whether Celery is Available/Running,10605,36,how-to,others,
25943850,Django package to generate random alphanumeric string,8713,36,how-to,framewok api,
2690521,Django check for any exists for a query,36784,36,how-to,framewok api,
2581005,Django TestCase testing order,4999,36,how-to,language,
465065,Writing unit tests in Django / Python,8930,36,how-to,others,
629696,Deploying Google Analytics With Django,9309,36,configuration,framework configuration,
742,Class views in Django,12481,36,how-to,display,
13899530,GAE SDK 1.7.4 and InvalidCertificateException,5443,36,configuration,missing file,
31431924,Force django-admin startproject if project folder already exists,2929,36,how-to,framewok api,
26646362,NumPy array is not JSON serializable,20766,36,how-to,framewok api,
5285035,"Beginner friendly, PHP or Django?",25737,36,how-to,others,
15770488,Return the current user with Django Rest Framework,11040,36,configuration,framework configuration,
9539441,Run Python/Django Management Command from a UnitTest/WebTest,4772,36,configuration,framework configuration,
31648019,No module named 'allauth.account.context_processors',5287,36,configuration,dependencies versioning,
19323513,"Heroku & Django: ""OSError: No such file or directory: '/app/{myappname}/static'""",7947,36,configuration,framework configuration,
7602904,Temporarily Disabling Django Caching,9345,36,configuration,framework configuration,
7763115,Django Passing data between views,7804,36,how-to,framewok api,
4286461,Django Templates First element of a List,16921,36,how-to,framewok api,
4510871,ugettext and ugettext_lazy in Django,9651,36,how-to,framewok api,
16581572,Django: manage.py does not print stack trace for errors,3361,36,how-to,framewok api,
5586774,"Django template filters, tags, simple_tags, and inclusion_tags",4038,35,how-to,framewok api,
27591574,Order of Serializer Validation in Django REST Framework,7065,35,how-to,framewok api,
19627911,How to See if a String Contains Another String in Django Template,22767,35,how-to,framewok api,
9561243,How to check if something exists in a postgresql database using django?,15549,35,how-to,framewok api,
18400315,Whats the difference between using {{STATIC_URL}} and {% static %},1849,35,how-to,framewok api,
9911195,libmysqlclient.18.dylib image not found when using MySQL from Django on OS X,11548,35,configuration,framework configuration,
22003769,Get virtualenv's bin folder path from script,7837,35,configuration,environment,
